Date Time, Water Level
1/1/2006 0:00,577.301
1/2/2006 0:00,577.64
1/3/2006 0:00,577.551
1/4/2006 0:00,577.318
1/5/2006 0:00,577.459
1/6/2006 0:00,577.102
1/7/2006 0:00,577.151
1/8/2006 0:00,577.353
1/9/2006 0:00,577.286
1/10/2006 0:00,576.991
1/11/2006 0:00,576.946
1/12/2006 0:00,576.963
1/13/2006 0:00,577.607
1/14/2006 0:00,577.41
1/15/2006 0:00,577.092
1/16/2006 0:00,577.491
1/17/2006 0:00,577.619
1/18/2006 0:00,577.095
1/19/2006 0:00,576.984
1/20/2006 0:00,577.432
1/21/2006 0:00,577.204
1/22/2006 0:00,577.002
1/23/2006 0:00,576.846
1/24/2006 0:00,576.707
1/25/2006 0:00,577.113
1/26/2006 0:00,577.011
1/27/2006 0:00,576.724
1/28/2006 0:00,577.039
1/29/2006 0:00,577.338
1/30/2006 0:00,577.373
1/31/2006 0:00,577.102
2/1/2006 0:00,577.113
2/2/2006 0:00,577.325
2/3/2006 0:00,577.304
2/4/2006 0:00,577.702
2/5/2006 0:00,577.504
2/6/2006 0:00,576.961
2/7/2006 0:00,577.155
2/8/2006 0:00,577.569
2/9/2006 0:00,577.2
2/10/2006 0:00,577.326
2/11/2006 0:00,577.442
2/12/2006 0:00,577.377
2/13/2006 0:00,576.929
2/14/2006 0:00,577.021
2/15/2006 0:00,577.452
2/16/2006 0:00,578.021
2/17/2006 0:00,577.697
2/18/2006 0:00,577.2
2/19/2006 0:00,576.769
2/20/2006 0:00,576.677
2/21/2006 0:00,577.028
2/22/2006 0:00,577.131
2/23/2006 0:00,577.248
2/24/2006 0:00,577.045
2/25/2006 0:00,577.61
2/26/2006 0:00,577.261
2/27/2006 0:00,577.434
2/28/2006 0:00,577.276
3/1/2006 0:00,577.313
3/2/2006 0:00,577.457
3/3/2006 0:00,577.448
3/4/2006 0:00,577.238
3/5/2006 0:00,577.197
3/6/2006 0:00,577.38
3/7/2006 0:00,577.242
3/8/2006 0:00,577.238
3/9/2006 0:00,577.375
3/10/2006 0:00,577.324
3/11/2006 0:00,577.289
3/12/2006 0:00,577.489
3/13/2006 0:00,577.251
3/14/2006 0:00,577.119
3/15/2006 0:00,576.967
3/16/2006 0:00,577.462
3/17/2006 0:00,577.701
3/18/2006 0:00,577.432
3/19/2006 0:00,577.24
3/20/2006 0:00,577.67
3/21/2006 0:00,577.912
3/22/2006 0:00,577.409
3/23/2006 0:00,577.441
3/24/2006 0:00,577.48
3/25/2006 0:00,577.529
3/26/2006 0:00,577.426
3/27/2006 0:00,577.435
3/28/2006 0:00,577.54
3/29/2006 0:00,577.391
3/30/2006 0:00,577.383
3/31/2006 0:00,577.191
4/1/2006 0:00,577.403
4/2/2006 0:00,577.54
4/3/2006 0:00,577.843
4/4/2006 0:00,577.334
4/5/2006 0:00,577.392
4/6/2006 0:00,577.546
4/7/2006 0:00,578.2
4/8/2006 0:00,577.883
4/9/2006 0:00,577.546
4/10/2006 0:00,577.553
4/11/2006 0:00,577.514
4/12/2006 0:00,577.5
4/13/2006 0:00,577.545
4/14/2006 0:00,577.52
4/15/2006 0:00,577.58
4/16/2006 0:00,577.915
4/17/2006 0:00,577.992
4/18/2006 0:00,577.859
4/19/2006 0:00,577.83
4/20/2006 0:00,577.755
4/21/2006 0:00,577.719
4/22/2006 0:00,577.716
4/23/2006 0:00,577.8
4/24/2006 0:00,577.722
4/25/2006 0:00,578.059
4/26/2006 0:00,577.537
4/27/2006 0:00,577.817
4/28/2006 0:00,577.891
4/29/2006 0:00,577.97
4/30/2006 0:00,578.008
5/1/2006 0:00,577.909
5/2/2006 0:00,577.822
5/3/2006 0:00,577.626
5/4/2006 0:00,577.667
5/5/2006 0:00,577.73
5/6/2006 0:00,577.697
5/7/2006 0:00,577.674
5/8/2006 0:00,577.707
5/9/2006 0:00,577.729
5/10/2006 0:00,577.866
5/11/2006 0:00,578.117
5/12/2006 0:00,578.229
5/13/2006 0:00,578.158
5/14/2006 0:00,578.156
5/15/2006 0:00,578.186
5/16/2006 0:00,577.93
5/17/2006 0:00,577.88
5/18/2006 0:00,577.864
5/19/2006 0:00,577.949
5/20/2006 0:00,577.842
5/21/2006 0:00,577.705
5/22/2006 0:00,577.822
5/23/2006 0:00,577.922
5/24/2006 0:00,577.846
5/25/2006 0:00,577.922
5/26/2006 0:00,577.998
5/27/2006 0:00,578
5/28/2006 0:00,578.035
5/29/2006 0:00,577.935
5/30/2006 0:00,578.015
5/31/2006 0:00,578.078
6/1/2006 0:00,578.091
6/2/2006 0:00,578.107
6/3/2006 0:00,578.141
6/4/2006 0:00,578.107
6/5/2006 0:00,577.991
6/6/2006 0:00,577.94
6/7/2006 0:00,578.118
6/8/2006 0:00,578.066
6/9/2006 0:00,578.259
6/10/2006 0:00,578.24
6/11/2006 0:00,578.245
6/12/2006 0:00,578.221
6/13/2006 0:00,578.077
6/14/2006 0:00,578.113
6/15/2006 0:00,578.093
6/16/2006 0:00,577.914
6/17/2006 0:00,577.806
6/18/2006 0:00,577.884
6/19/2006 0:00,577.94
6/20/2006 0:00,578.005
6/21/2006 0:00,577.913
6/22/2006 0:00,578.022
6/23/2006 0:00,578.225
6/24/2006 0:00,578.076
6/25/2006 0:00,578.167
6/26/2006 0:00,578.189
6/27/2006 0:00,578.035
6/28/2006 0:00,578.013
6/29/2006 0:00,577.952
6/30/2006 0:00,577.968
7/1/2006 0:00,577.787
7/2/2006 0:00,577.798
7/3/2006 0:00,577.895
7/4/2006 0:00,578.026
7/5/2006 0:00,577.888
7/6/2006 0:00,577.962
7/7/2006 0:00,577.878
7/8/2006 0:00,577.776
7/9/2006 0:00,577.787
7/10/2006 0:00,578.064
7/11/2006 0:00,578.091
7/12/2006 0:00,578.161
7/13/2006 0:00,578.034
7/14/2006 0:00,578.048
7/15/2006 0:00,577.929
7/16/2006 0:00,577.766
7/17/2006 0:00,577.738
7/18/2006 0:00,578.065
7/19/2006 0:00,578.016
7/20/2006 0:00,577.928
7/21/2006 0:00,578.108
7/22/2006 0:00,578.134
7/23/2006 0:00,578.067
7/24/2006 0:00,577.719
7/25/2006 0:00,577.764
7/26/2006 0:00,577.861
7/27/2006 0:00,577.947
7/28/2006 0:00,577.942
7/29/2006 0:00,577.85
7/30/2006 0:00,577.956
7/31/2006 0:00,577.937
8/1/2006 0:00,577.792
8/2/2006 0:00,577.893
8/3/2006 0:00,578.06
8/4/2006 0:00,578.056
8/5/2006 0:00,578.072
8/6/2006 0:00,577.994
8/7/2006 0:00,578.035
8/8/2006 0:00,578.109
8/9/2006 0:00,577.977
8/10/2006 0:00,578.171
8/11/2006 0:00,578.331
8/12/2006 0:00,578.067
8/13/2006 0:00,577.938
8/14/2006 0:00,577.885
8/15/2006 0:00,577.826
8/16/2006 0:00,577.919
8/17/2006 0:00,577.95
8/18/2006 0:00,577.948
8/19/2006 0:00,578.041
8/20/2006 0:00,578.063
8/21/2006 0:00,577.801
8/22/2006 0:00,577.883
8/23/2006 0:00,577.925
8/24/2006 0:00,577.945
8/25/2006 0:00,578.122
8/26/2006 0:00,578.1
8/27/2006 0:00,578.113
8/28/2006 0:00,578.255
8/29/2006 0:00,578.246
8/30/2006 0:00,578.4
8/31/2006 0:00,578.358
9/1/2006 0:00,578.259
9/2/2006 0:00,578.151
9/3/2006 0:00,577.99
9/4/2006 0:00,577.935
9/5/2006 0:00,577.917
9/6/2006 0:00,577.965
9/7/2006 0:00,577.813
9/8/2006 0:00,577.724
9/9/2006 0:00,578.179
9/10/2006 0:00,578.144
9/11/2006 0:00,578.063
9/12/2006 0:00,578.17
9/13/2006 0:00,578.31
9/14/2006 0:00,578.028
9/15/2006 0:00,577.923
9/16/2006 0:00,577.758
9/17/2006 0:00,577.598
9/18/2006 0:00,577.568
9/19/2006 0:00,577.435
9/20/2006 0:00,577.558
9/21/2006 0:00,577.518
9/22/2006 0:00,577.569
9/23/2006 0:00,577.565
9/24/2006 0:00,577.668
9/25/2006 0:00,577.403
9/26/2006 0:00,577.345
9/27/2006 0:00,577.562
9/28/2006 0:00,577.775
9/29/2006 0:00,577.419
9/30/2006 0:00,577.482
10/1/2006 0:00,577.502
10/2/2006 0:00,577.318
10/3/2006 0:00,577.524
10/4/2006 0:00,578.226
10/5/2006 0:00,577.974
10/6/2006 0:00,577.693
10/7/2006 0:00,577.498
10/8/2006 0:00,577.333
10/9/2006 0:00,577.787
10/10/2006 0:00,577.82
10/11/2006 0:00,577.521
10/12/2006 0:00,576.968
10/13/2006 0:00,576.468
10/14/2006 0:00,576.953
10/15/2006 0:00,577.093
10/16/2006 0:00,577.291
10/17/2006 0:00,577.626
10/18/2006 0:00,577.538
10/19/2006 0:00,577.574
10/20/2006 0:00,577.411
10/21/2006 0:00,577.544
10/22/2006 0:00,577.798
10/23/2006 0:00,577.434
10/24/2006 0:00,577.525
10/25/2006 0:00,577.494
10/26/2006 0:00,577.557
10/27/2006 0:00,577.673
10/28/2006 0:00,577.471
10/29/2006 0:00,577.009
10/30/2006 0:00,577.063
10/31/2006 0:00,577.353
11/1/2006 0:00,577.198
11/2/2006 0:00,577.173
11/3/2006 0:00,577.09
11/4/2006 0:00,577.138
11/5/2006 0:00,577.269
11/6/2006 0:00,577.265
11/7/2006 0:00,577.316
11/8/2006 0:00,577.191
11/9/2006 0:00,577.239
11/10/2006 0:00,577.785
11/11/2006 0:00,577.967
11/12/2006 0:00,577.383
11/13/2006 0:00,577.261
11/14/2006 0:00,577.451
11/15/2006 0:00,577.894
11/16/2006 0:00,578.24
11/17/2006 0:00,577.384
11/18/2006 0:00,577.487
11/19/2006 0:00,577.73
11/20/2006 0:00,577.467
11/21/2006 0:00,577
11/22/2006 0:00,577.115
11/23/2006 0:00,577.348
11/24/2006 0:00,577.365
11/25/2006 0:00,577.341
11/26/2006 0:00,577.328
11/27/2006 0:00,577.54
11/28/2006 0:00,577.529
11/29/2006 0:00,577.49
11/30/2006 0:00,577.771
12/1/2006 0:00,577.983
12/2/2006 0:00,577.311
12/3/2006 0:00,577.18
12/4/2006 0:00,577.083
12/5/2006 0:00,577.056
12/6/2006 0:00,577.284
12/7/2006 0:00,577.548
12/8/2006 0:00,576.746
12/9/2006 0:00,576.387
12/10/2006 0:00,576.727
12/11/2006 0:00,577.33
12/12/2006 0:00,577.513
12/13/2006 0:00,577.245
12/14/2006 0:00,577.031
12/15/2006 0:00,577.315
12/16/2006 0:00,577.19
12/17/2006 0:00,577.378
12/18/2006 0:00,577.374
12/19/2006 0:00,577.233
12/20/2006 0:00,577.025
12/21/2006 0:00,577.384
12/22/2006 0:00,577.553
12/23/2006 0:00,577.453
12/24/2006 0:00,577.17
12/25/2006 0:00,577.681
12/26/2006 0:00,577.687
12/27/2006 0:00,577.31
12/28/2006 0:00,577.557
12/29/2006 0:00,577.812
12/30/2006 0:00,577.797
12/31/2006 0:00,577.648
1/1/2007 0:00,577.638
1/2/2007 0:00,577.237
1/3/2007 0:00,576.848
1/4/2007 0:00,576.952
1/5/2007 0:00,577.418
1/6/2007 0:00,577.454
1/7/2007 0:00,577.298
1/8/2007 0:00,577.356
1/9/2007 0:00,577.353
1/10/2007 0:00,577.065
1/11/2007 0:00,576.98
1/12/2007 0:00,577.682
1/13/2007 0:00,577.926
1/14/2007 0:00,577.939
1/15/2007 0:00,578.075
1/16/2007 0:00,577.821
1/17/2007 0:00,577.107
1/18/2007 0:00,576.981
1/19/2007 0:00,577.299
1/20/2007 0:00,577.395
1/21/2007 0:00,577.585
1/22/2007 0:00,577.509
1/23/2007 0:00,577.236
1/24/2007 0:00,577.48
1/25/2007 0:00,577.732
1/26/2007 0:00,577.195
1/27/2007 0:00,577.509
1/28/2007 0:00,577.701
1/29/2007 0:00,577.349
1/30/2007 0:00,577.573
1/31/2007 0:00,577.033
2/1/2007 0:00,577.074
2/2/2007 0:00,577.137
2/3/2007 0:00,576.974
2/4/2007 0:00,577.223
2/5/2007 0:00,577.116
2/6/2007 0:00,577.219
2/7/2007 0:00,577.143
2/8/2007 0:00,577.079
2/9/2007 0:00,577.173
2/10/2007 0:00,577.158
2/11/2007 0:00,577.041
2/12/2007 0:00,577.49
2/13/2007 0:00,578.267
2/14/2007 0:00,577.897
2/15/2007 0:00,577.372
2/16/2007 0:00,576.717
2/17/2007 0:00,577.178
2/18/2007 0:00,577.327
2/19/2007 0:00,576.882
2/20/2007 0:00,577.227
2/21/2007 0:00,577.016
2/22/2007 0:00,577.393
2/23/2007 0:00,577.334
2/24/2007 0:00,577.467
2/25/2007 0:00,577.544
2/26/2007 0:00,577.614
2/27/2007 0:00,577.461
2/28/2007 0:00,577.422
3/1/2007 0:00,577.742
3/2/2007 0:00,577.281
3/3/2007 0:00,577.515
3/4/2007 0:00,577.005
3/5/2007 0:00,577.3
3/6/2007 0:00,577.196
3/7/2007 0:00,577.403
3/8/2007 0:00,577.234
3/9/2007 0:00,577.278
3/10/2007 0:00,577.244
3/11/2007 0:00,577.117
3/12/2007 0:00,577.077
3/13/2007 0:00,577.122
3/14/2007 0:00,577.381
3/15/2007 0:00,577.628
3/16/2007 0:00,577.736
3/17/2007 0:00,577.512
3/18/2007 0:00,577.177
3/19/2007 0:00,577.171
3/20/2007 0:00,577.453
3/21/2007 0:00,577.346
3/22/2007 0:00,577.241
3/23/2007 0:00,577.42
3/24/2007 0:00,577.464
3/25/2007 0:00,577.424
3/26/2007 0:00,577.44
3/27/2007 0:00,577.588
3/28/2007 0:00,577.917
3/29/2007 0:00,577.887
3/30/2007 0:00,577.781
3/31/2007 0:00,577.808
4/1/2007 0:00,577.617
4/2/2007 0:00,577.504
4/3/2007 0:00,577.501
4/4/2007 0:00,577.695
4/5/2007 0:00,577.68
4/6/2007 0:00,577.735
4/7/2007 0:00,577.696
4/8/2007 0:00,577.604
4/9/2007 0:00,577.562
4/10/2007 0:00,577.707
4/11/2007 0:00,578.157
4/12/2007 0:00,578.1
4/13/2007 0:00,577.646
4/14/2007 0:00,577.761
4/15/2007 0:00,577.806
4/16/2007 0:00,577.602
4/17/2007 0:00,577.727
4/18/2007 0:00,577.95
4/19/2007 0:00,577.807
4/20/2007 0:00,577.742
4/21/2007 0:00,577.676
4/22/2007 0:00,577.568
4/23/2007 0:00,577.493
4/24/2007 0:00,577.747
4/25/2007 0:00,578.031
4/26/2007 0:00,578.014
4/27/2007 0:00,577.845
4/28/2007 0:00,577.685
4/29/2007 0:00,577.598
4/30/2007 0:00,577.974
5/1/2007 0:00,577.899
5/2/2007 0:00,577.994
5/3/2007 0:00,578.034
5/4/2007 0:00,578.026
5/5/2007 0:00,578.068
5/6/2007 0:00,577.999
5/7/2007 0:00,577.834
5/8/2007 0:00,577.755
5/9/2007 0:00,577.806
5/10/2007 0:00,577.809
5/11/2007 0:00,578.089
5/12/2007 0:00,578.185
5/13/2007 0:00,577.864
5/14/2007 0:00,577.619
5/15/2007 0:00,577.761
5/16/2007 0:00,577.831
5/17/2007 0:00,577.903
5/18/2007 0:00,577.752
5/19/2007 0:00,577.706
5/20/2007 0:00,578.097
5/21/2007 0:00,578.019
5/22/2007 0:00,577.966
5/23/2007 0:00,577.796
5/24/2007 0:00,577.659
5/25/2007 0:00,577.799
5/26/2007 0:00,577.852
5/27/2007 0:00,577.769
5/28/2007 0:00,577.773
5/29/2007 0:00,577.877
5/30/2007 0:00,577.828
5/31/2007 0:00,577.775
6/1/2007 0:00,577.798
6/2/2007 0:00,577.78
6/3/2007 0:00,577.827
6/4/2007 0:00,577.921
6/5/2007 0:00,577.92
6/6/2007 0:00,577.75
6/7/2007 0:00,577.59
6/8/2007 0:00,577.751
6/9/2007 0:00,577.848
6/10/2007 0:00,577.928
6/11/2007 0:00,577.928
6/12/2007 0:00,577.911
6/13/2007 0:00,577.919
6/14/2007 0:00,577.939
6/15/2007 0:00,577.912
6/16/2007 0:00,577.843
6/17/2007 0:00,577.811
6/18/2007 0:00,577.715
6/19/2007 0:00,577.746
6/20/2007 0:00,577.675
6/21/2007 0:00,577.785
6/22/2007 0:00,577.874
6/23/2007 0:00,577.822
6/24/2007 0:00,577.809
6/25/2007 0:00,577.794
6/26/2007 0:00,577.738
6/27/2007 0:00,577.706
6/28/2007 0:00,578.045
6/29/2007 0:00,578.002
6/30/2007 0:00,577.885
7/1/2007 0:00,577.994
7/2/2007 0:00,577.789
7/3/2007 0:00,577.696
7/4/2007 0:00,577.806
7/5/2007 0:00,577.759
7/6/2007 0:00,577.738
7/7/2007 0:00,577.592
7/8/2007 0:00,577.479
7/9/2007 0:00,577.761
7/10/2007 0:00,577.716
7/11/2007 0:00,577.669
7/12/2007 0:00,577.625
7/13/2007 0:00,577.658
7/14/2007 0:00,577.521
7/15/2007 0:00,577.595
7/16/2007 0:00,577.72
7/17/2007 0:00,577.769
7/18/2007 0:00,577.683
7/19/2007 0:00,577.95
7/20/2007 0:00,577.907
7/21/2007 0:00,577.892
7/22/2007 0:00,577.801
7/23/2007 0:00,577.773
7/24/2007 0:00,577.688
7/25/2007 0:00,577.674
7/26/2007 0:00,577.661
7/27/2007 0:00,577.755
7/28/2007 0:00,577.925
7/29/2007 0:00,577.829
7/30/2007 0:00,577.699
7/31/2007 0:00,577.675
8/1/2007 0:00,577.682
8/2/2007 0:00,577.563
8/3/2007 0:00,577.671
8/4/2007 0:00,577.646
8/5/2007 0:00,577.639
8/6/2007 0:00,577.629
8/7/2007 0:00,577.645
8/8/2007 0:00,577.665
8/9/2007 0:00,577.71
8/10/2007 0:00,577.749
8/11/2007 0:00,577.58
8/12/2007 0:00,577.689
8/13/2007 0:00,577.607
8/14/2007 0:00,577.495
8/15/2007 0:00,577.561
8/16/2007 0:00,577.507
8/17/2007 0:00,577.521
8/18/2007 0:00,577.47
8/19/2007 0:00,577.581
8/20/2007 0:00,577.806
8/21/2007 0:00,577.727
8/22/2007 0:00,577.464
8/23/2007 0:00,577.425
8/24/2007 0:00,577.509
8/25/2007 0:00,577.618
8/26/2007 0:00,577.588
8/27/2007 0:00,577.524
8/28/2007 0:00,577.484
8/29/2007 0:00,577.699
8/30/2007 0:00,577.78
8/31/2007 0:00,577.626
9/1/2007 0:00,577.577
9/2/2007 0:00,577.363
9/3/2007 0:00,577.395
9/4/2007 0:00,577.509
9/5/2007 0:00,577.554
9/6/2007 0:00,577.248
9/7/2007 0:00,577.185
9/8/2007 0:00,577.403
9/9/2007 0:00,577.708
9/10/2007 0:00,577.69
9/11/2007 0:00,577.494
9/12/2007 0:00,577.384
9/13/2007 0:00,577.272
9/14/2007 0:00,577.499
9/15/2007 0:00,577.348
9/16/2007 0:00,577.187
9/17/2007 0:00,577.052
9/18/2007 0:00,577.119
9/19/2007 0:00,577.103
9/20/2007 0:00,577.297
9/21/2007 0:00,577.163
9/22/2007 0:00,577.18
9/23/2007 0:00,577.171
9/24/2007 0:00,577.148
9/25/2007 0:00,577.114
9/26/2007 0:00,577.279
9/27/2007 0:00,577.162
9/28/2007 0:00,577.206
9/29/2007 0:00,577.083
9/30/2007 0:00,577.035
10/1/2007 0:00,577.164
10/2/2007 0:00,577.048
10/3/2007 0:00,576.96
10/4/2007 0:00,577.07
10/5/2007 0:00,577.205
10/6/2007 0:00,577.135
10/7/2007 0:00,577.221
10/8/2007 0:00,577.129
10/9/2007 0:00,577.044
10/10/2007 0:00,577.416
10/11/2007 0:00,577.867
10/12/2007 0:00,577.299
10/13/2007 0:00,576.963
10/14/2007 0:00,577.148
10/15/2007 0:00,577.322
10/16/2007 0:00,577.495
10/17/2007 0:00,577.413
10/18/2007 0:00,577.13
10/19/2007 0:00,576.693
10/20/2007 0:00,576.616
10/21/2007 0:00,576.713
10/22/2007 0:00,577.323
10/23/2007 0:00,577.061
10/24/2007 0:00,577.488
10/25/2007 0:00,577.404
10/26/2007 0:00,577.304
10/27/2007 0:00,577.216
10/28/2007 0:00,576.878
10/29/2007 0:00,576.635
10/30/2007 0:00,576.702
10/31/2007 0:00,576.59
11/1/2007 0:00,576.66
11/2/2007 0:00,576.696
11/3/2007 0:00,576.849
11/4/2007 0:00,576.827
11/5/2007 0:00,576.719
11/6/2007 0:00,576.795
11/7/2007 0:00,576.744
11/8/2007 0:00,576.789
11/9/2007 0:00,577.122
11/10/2007 0:00,576.951
11/11/2007 0:00,576.574
11/12/2007 0:00,576.757
11/13/2007 0:00,576.491
11/14/2007 0:00,576.355
11/15/2007 0:00,576.799
11/16/2007 0:00,576.611
11/17/2007 0:00,576.994
11/18/2007 0:00,576.903
11/19/2007 0:00,576.604
11/20/2007 0:00,576.825
11/21/2007 0:00,577.566
11/22/2007 0:00,577.376
11/23/2007 0:00,576.762
11/24/2007 0:00,576.074
11/25/2007 0:00,575.921
11/26/2007 0:00,576.476
11/27/2007 0:00,576.472
11/28/2007 0:00,576.145
11/29/2007 0:00,576.204
11/30/2007 0:00,576.109
12/1/2007 0:00,576.179
12/2/2007 0:00,576.749
12/3/2007 0:00,576.742
12/4/2007 0:00,576.596
12/5/2007 0:00,577.053
12/6/2007 0:00,576.305
12/7/2007 0:00,576.254
12/8/2007 0:00,576.479
12/9/2007 0:00,576.721
12/10/2007 0:00,576.566
12/11/2007 0:00,576.473
12/12/2007 0:00,576.45
12/13/2007 0:00,576.344
12/14/2007 0:00,576.464
12/15/2007 0:00,576.842
12/16/2007 0:00,577.045
12/17/2007 0:00,576.206
12/18/2007 0:00,576.133
12/19/2007 0:00,576.516
12/20/2007 0:00,576.461
12/21/2007 0:00,576.626
12/22/2007 0:00,576.489
12/23/2007 0:00,575.393
12/24/2007 0:00,576.185
12/25/2007 0:00,576.088
12/26/2007 0:00,576.45
12/27/2007 0:00,576.593
12/28/2007 0:00,576.467
12/29/2007 0:00,576.424
12/30/2007 0:00,576.294
12/31/2007 0:00,576.584
1/1/2008 0:00,576.702
1/2/2008 0:00,576.67
1/3/2008 0:00,575.896
1/4/2008 0:00,575.675
1/5/2008 0:00,576.084
1/6/2008 0:00,576.296
1/7/2008 0:00,576.336
1/8/2008 0:00,576.584
1/9/2008 0:00,576.299
1/10/2008 0:00,576.685
1/11/2008 0:00,576.795
1/12/2008 0:00,576.65
1/13/2008 0:00,576.758
1/14/2008 0:00,576.868
1/15/2008 0:00,576.717
1/16/2008 0:00,576.374
1/17/2008 0:00,576.228
1/18/2008 0:00,576.277
1/19/2008 0:00,576.336
1/20/2008 0:00,576.318
1/21/2008 0:00,576.338
1/22/2008 0:00,576.413
1/23/2008 0:00,576.521
1/24/2008 0:00,576.664
1/25/2008 0:00,576.236
1/26/2008 0:00,576.329
1/27/2008 0:00,576.621
1/28/2008 0:00,576.157
1/29/2008 0:00,576.45
1/30/2008 0:00,576.279
1/31/2008 0:00,576.389
2/1/2008 0:00,576.874
2/2/2008 0:00,576.628
2/3/2008 0:00,576.681
2/4/2008 0:00,576.839
2/5/2008 0:00,577.084
2/6/2008 0:00,577.595
2/7/2008 0:00,577.021
2/8/2008 0:00,576.776
2/9/2008 0:00,576.635
2/10/2008 0:00,576.456
2/11/2008 0:00,576.41
2/12/2008 0:00,576.861
2/13/2008 0:00,576.798
2/14/2008 0:00,576.565
2/15/2008 0:00,576.81
2/16/2008 0:00,576.565
2/17/2008 0:00,576.76
2/18/2008 0:00,576.616
2/19/2008 0:00,576.688
2/20/2008 0:00,577.088
2/21/2008 0:00,576.853
2/22/2008 0:00,576.95
2/23/2008 0:00,576.883
2/24/2008 0:00,576.695
2/25/2008 0:00,576.749
2/26/2008 0:00,577.411
2/27/2008 0:00,577.078
2/28/2008 0:00,576.838
2/29/2008 0:00,576.729
3/1/2008 0:00,576.93
3/2/2008 0:00,576.757
3/3/2008 0:00,577.119
3/4/2008 0:00,577.299
3/5/2008 0:00,577.027
3/6/2008 0:00,576.82
3/7/2008 0:00,577.199
3/8/2008 0:00,577.183
3/9/2008 0:00,576.941
3/10/2008 0:00,576.909
3/11/2008 0:00,576.601
3/12/2008 0:00,576.941
3/13/2008 0:00,576.902
3/14/2008 0:00,576.89
3/15/2008 0:00,577.018
3/16/2008 0:00,577.077
3/17/2008 0:00,576.99
3/18/2008 0:00,577.017
3/19/2008 0:00,576.958
3/20/2008 0:00,576.841
3/21/2008 0:00,577.147
3/22/2008 0:00,577.19
3/23/2008 0:00,577.06
3/24/2008 0:00,576.794
3/25/2008 0:00,576.41
3/26/2008 0:00,576.71
3/27/2008 0:00,577.146
3/28/2008 0:00,577.175
3/29/2008 0:00,577.038
3/30/2008 0:00,577.092
3/31/2008 0:00,577.161
4/1/2008 0:00,577.25
4/2/2008 0:00,576.947
4/3/2008 0:00,577.171
4/4/2008 0:00,577.21
4/5/2008 0:00,576.966
4/6/2008 0:00,577.168
4/7/2008 0:00,577.163
4/8/2008 0:00,577.203
4/9/2008 0:00,577.271
4/10/2008 0:00,577.455
4/11/2008 0:00,577.583
4/12/2008 0:00,577.876
4/13/2008 0:00,577.882
4/14/2008 0:00,577.535
4/15/2008 0:00,577.181
4/16/2008 0:00,577.043
4/17/2008 0:00,577.424
4/18/2008 0:00,577.552
4/19/2008 0:00,577.613
4/20/2008 0:00,577.542
4/21/2008 0:00,577.619
4/22/2008 0:00,577.584
4/23/2008 0:00,577.553
4/24/2008 0:00,577.591
4/25/2008 0:00,577.438
4/26/2008 0:00,577.203
4/27/2008 0:00,577.375
4/28/2008 0:00,577.866
4/29/2008 0:00,577.66
4/30/2008 0:00,577.548
5/1/2008 0:00,577.798
5/2/2008 0:00,577.894
5/3/2008 0:00,577.742
5/4/2008 0:00,577.559
5/5/2008 0:00,577.624
5/6/2008 0:00,577.706
5/7/2008 0:00,577.774
5/8/2008 0:00,577.81
5/9/2008 0:00,577.867
5/10/2008 0:00,577.82
5/11/2008 0:00,578.306
5/12/2008 0:00,577.871
5/13/2008 0:00,577.651
5/14/2008 0:00,577.798
5/15/2008 0:00,577.832
5/16/2008 0:00,577.7
5/17/2008 0:00,577.673
5/18/2008 0:00,577.638
5/19/2008 0:00,577.596
5/20/2008 0:00,577.732
5/21/2008 0:00,577.635
5/22/2008 0:00,577.719
5/23/2008 0:00,577.969
5/24/2008 0:00,577.907
5/25/2008 0:00,577.733
5/26/2008 0:00,577.72
5/27/2008 0:00,578.355
5/28/2008 0:00,577.973
5/29/2008 0:00,577.753
5/30/2008 0:00,577.785
5/31/2008 0:00,577.862
6/1/2008 0:00,577.695
6/2/2008 0:00,577.827
6/3/2008 0:00,577.949
6/4/2008 0:00,578.065
6/5/2008 0:00,577.936
6/6/2008 0:00,577.692
6/7/2008 0:00,577.801
6/8/2008 0:00,577.948
6/9/2008 0:00,577.733
6/10/2008 0:00,577.908
6/11/2008 0:00,578.155
6/12/2008 0:00,578.215
6/13/2008 0:00,578.211
6/14/2008 0:00,578.027
6/15/2008 0:00,578.083
6/16/2008 0:00,578.13
6/17/2008 0:00,578.079
6/18/2008 0:00,578.15
6/19/2008 0:00,578.13
6/20/2008 0:00,578.16
6/21/2008 0:00,578.183
6/22/2008 0:00,578.196
6/23/2008 0:00,578.243
6/24/2008 0:00,578.148
6/25/2008 0:00,578.1
6/26/2008 0:00,578.16
6/27/2008 0:00,578.136
6/28/2008 0:00,578.155
6/29/2008 0:00,578.228
6/30/2008 0:00,578.229
7/1/2008 0:00,578.09
7/2/2008 0:00,578.098
7/3/2008 0:00,578.525
7/4/2008 0:00,578.382
7/5/2008 0:00,578.297
7/6/2008 0:00,578.2
7/7/2008 0:00,578.155
7/8/2008 0:00,578.235
7/9/2008 0:00,578.223
7/10/2008 0:00,578.145
7/11/2008 0:00,578.464
7/12/2008 0:00,578.244
7/13/2008 0:00,578.051
7/14/2008 0:00,578.169
7/15/2008 0:00,578.149
7/16/2008 0:00,578.227
7/17/2008 0:00,578.239
7/18/2008 0:00,578.278
7/19/2008 0:00,578.371
7/20/2008 0:00,578.377
7/21/2008 0:00,578.426
7/22/2008 0:00,578.575
7/23/2008 0:00,578.516
7/24/2008 0:00,578.37
7/25/2008 0:00,578.239
7/26/2008 0:00,578.226
7/27/2008 0:00,578.209
7/28/2008 0:00,578.401
7/29/2008 0:00,578.319
7/30/2008 0:00,578.298
7/31/2008 0:00,578.233
8/1/2008 0:00,578.348
8/2/2008 0:00,578.488
8/3/2008 0:00,578.388
8/4/2008 0:00,578.225
8/5/2008 0:00,578.461
8/6/2008 0:00,578.291
8/7/2008 0:00,578.517
8/8/2008 0:00,578.385
8/9/2008 0:00,578.343
8/10/2008 0:00,578.588
8/11/2008 0:00,578.52
8/12/2008 0:00,578.41
8/13/2008 0:00,578.427
8/14/2008 0:00,578.574
8/15/2008 0:00,578.525
8/16/2008 0:00,578.277
8/17/2008 0:00,578.211
8/18/2008 0:00,578.249
8/19/2008 0:00,578.565
8/20/2008 0:00,578.485
8/21/2008 0:00,578.367
8/22/2008 0:00,578.244
8/23/2008 0:00,578.12
8/24/2008 0:00,578.433
8/25/2008 0:00,578.462
8/26/2008 0:00,578.403
8/27/2008 0:00,578.309
8/28/2008 0:00,578.204
8/29/2008 0:00,578.259
8/30/2008 0:00,578.184
8/31/2008 0:00,578.238
9/1/2008 0:00,578.189
9/2/2008 0:00,578.126
9/3/2008 0:00,578.424
9/4/2008 0:00,578.62
9/5/2008 0:00,578.566
9/6/2008 0:00,578.219
9/7/2008 0:00,578.14
9/8/2008 0:00,578.171
9/9/2008 0:00,578.308
9/10/2008 0:00,578.192
9/11/2008 0:00,578.004
9/12/2008 0:00,578.042
9/13/2008 0:00,578.098
9/14/2008 0:00,578.406
9/15/2008 0:00,578.448
9/16/2008 0:00,578.092
9/17/2008 0:00,578.191
9/18/2008 0:00,578.341
9/19/2008 0:00,578.067
9/20/2008 0:00,578.071
9/21/2008 0:00,578.329
9/22/2008 0:00,578.273
9/23/2008 0:00,578.158
9/24/2008 0:00,578.101
9/25/2008 0:00,578.242
9/26/2008 0:00,578.242
9/27/2008 0:00,578.224
9/28/2008 0:00,578.383
9/29/2008 0:00,578.358
9/30/2008 0:00,578.321
10/1/2008 0:00,578.515
10/2/2008 0:00,578.114
10/3/2008 0:00,578.137
10/4/2008 0:00,578.124
10/5/2008 0:00,578.158
10/6/2008 0:00,578.245
10/7/2008 0:00,578.091
10/8/2008 0:00,578.057
10/9/2008 0:00,577.782
10/10/2008 0:00,577.962
10/11/2008 0:00,578.081
10/12/2008 0:00,578.05
10/13/2008 0:00,577.871
10/14/2008 0:00,577.821
10/15/2008 0:00,577.932
10/16/2008 0:00,577.971
10/17/2008 0:00,578.055
10/18/2008 0:00,577.981
10/19/2008 0:00,577.408
10/20/2008 0:00,577.824
10/21/2008 0:00,578.026
10/22/2008 0:00,577.965
10/23/2008 0:00,577.874
10/24/2008 0:00,577.833
10/25/2008 0:00,577.393
10/26/2008 0:00,577.329
10/27/2008 0:00,577.85
10/28/2008 0:00,577.774
10/29/2008 0:00,577.683
10/30/2008 0:00,577.246
10/31/2008 0:00,577.372
11/1/2008 0:00,577.828
11/2/2008 0:00,577.678
11/3/2008 0:00,577.615
11/4/2008 0:00,577.472
11/5/2008 0:00,577.455
11/6/2008 0:00,577.585
11/7/2008 0:00,577.489
11/8/2008 0:00,577.338
11/9/2008 0:00,577.44
11/10/2008 0:00,577.262
11/11/2008 0:00,577.431
11/12/2008 0:00,577.477
11/13/2008 0:00,577.205
11/14/2008 0:00,577.528
11/15/2008 0:00,577.922
11/16/2008 0:00,577.482
11/17/2008 0:00,577.747
11/18/2008 0:00,577.73
11/19/2008 0:00,577.373
11/20/2008 0:00,577.907
11/21/2008 0:00,577.663
11/22/2008 0:00,577.357
11/23/2008 0:00,577.223
11/24/2008 0:00,577.543
11/25/2008 0:00,577.724
11/26/2008 0:00,577.371
11/27/2008 0:00,577.256
11/28/2008 0:00,577.263
11/29/2008 0:00,577.284
11/30/2008 0:00,577.993
12/1/2008 0:00,578.164
12/2/2008 0:00,577.01
12/3/2008 0:00,577.198
12/4/2008 0:00,577.326
12/5/2008 0:00,576.937
12/6/2008 0:00,577.165
12/7/2008 0:00,577.352
12/8/2008 0:00,577.439
12/9/2008 0:00,578.096
12/10/2008 0:00,577.751
12/11/2008 0:00,577.359
12/12/2008 0:00,577.349
12/13/2008 0:00,576.67
12/14/2008 0:00,576.843
12/15/2008 0:00,576.993
12/16/2008 0:00,577.203
12/17/2008 0:00,577.301
12/18/2008 0:00,577.292
12/19/2008 0:00,578.104
12/20/2008 0:00,577.697
12/21/2008 0:00,577.334
12/22/2008 0:00,577.268
12/23/2008 0:00,576.917
12/24/2008 0:00,577.256
12/25/2008 0:00,577.181
12/26/2008 0:00,577.207
12/27/2008 0:00,577.365
12/28/2008 0:00,577.114
12/29/2008 0:00,577.183
12/30/2008 0:00,577.536
12/31/2008 0:00,577.811
1/1/2009 0:00,577.173
1/2/2009 0:00,577.447
1/3/2009 0:00,577.592
1/4/2009 0:00,577.803
1/5/2009 0:00,577.377
1/6/2009 0:00,577.531
1/7/2009 0:00,577.703
1/8/2009 0:00,577.598
1/9/2009 0:00,577.66
1/10/2009 0:00,577.987
1/11/2009 0:00,577.66
1/12/2009 0:00,577.526
1/13/2009 0:00,577.906
1/14/2009 0:00,577.871
1/15/2009 0:00,577.741
1/16/2009 0:00,577.337
1/17/2009 0:00,577.041
1/18/2009 0:00,577.726
1/19/2009 0:00,577.953
1/20/2009 0:00,577.857
1/21/2009 0:00,577.333
1/22/2009 0:00,577.523
1/23/2009 0:00,577.712
1/24/2009 0:00,577.535
1/25/2009 0:00,577.399
1/26/2009 0:00,577.486
1/27/2009 0:00,577.574
1/28/2009 0:00,577.558
1/29/2009 0:00,577.359
1/30/2009 0:00,577.509
1/31/2009 0:00,577.045
2/1/2009 0:00,577.306
2/2/2009 0:00,577.374
2/3/2009 0:00,578.143
2/4/2009 0:00,577.891
2/5/2009 0:00,577.139
2/6/2009 0:00,577.387
2/7/2009 0:00,577.319
2/8/2009 0:00,577.408
2/9/2009 0:00,577.5
2/10/2009 0:00,577.417
2/11/2009 0:00,577.714
2/12/2009 0:00,577.46
2/13/2009 0:00,577.704
2/14/2009 0:00,577.848
2/15/2009 0:00,577.822
2/16/2009 0:00,577.6
2/17/2009 0:00,577.341
2/18/2009 0:00,577.929
2/19/2009 0:00,577.763
2/20/2009 0:00,577.508
2/21/2009 0:00,577.655
2/22/2009 0:00,577.898
2/23/2009 0:00,577.793
2/24/2009 0:00,577.521
2/25/2009 0:00,577.583
2/26/2009 0:00,577.877
2/27/2009 0:00,578.597
2/28/2009 0:00,578.153
3/1/2009 0:00,578.453
3/2/2009 0:00,578.119
3/3/2009 0:00,577.755
3/4/2009 0:00,577.667
3/5/2009 0:00,577.635
3/6/2009 0:00,577.724
3/7/2009 0:00,577.98
3/8/2009 0:00,578.311
3/9/2009 0:00,578.07
3/10/2009 0:00,577.908
3/11/2009 0:00,577.773
3/12/2009 0:00,577.898
3/13/2009 0:00,577.819
3/14/2009 0:00,577.761
3/15/2009 0:00,577.917
3/16/2009 0:00,577.986
3/17/2009 0:00,577.791
3/18/2009 0:00,577.833
3/19/2009 0:00,578.015
3/20/2009 0:00,577.957
3/21/2009 0:00,577.892
3/22/2009 0:00,578.145
3/23/2009 0:00,578.187
3/24/2009 0:00,578.255
3/25/2009 0:00,578.177
3/26/2009 0:00,577.909
3/27/2009 0:00,578.098
3/28/2009 0:00,578.568
3/29/2009 0:00,578.603
3/30/2009 0:00,578.067
3/31/2009 0:00,578.16
4/1/2009 0:00,578.031
4/2/2009 0:00,578.24
4/3/2009 0:00,578.377
4/4/2009 0:00,577.889
4/5/2009 0:00,578.554
4/6/2009 0:00,578.731
4/7/2009 0:00,578.142
4/8/2009 0:00,577.961
4/9/2009 0:00,578.137
4/10/2009 0:00,578.617
4/11/2009 0:00,578.416
4/12/2009 0:00,578.384
4/13/2009 0:00,578.55
4/14/2009 0:00,578.6
4/15/2009 0:00,578.39
4/16/2009 0:00,578.303
4/17/2009 0:00,578.109
4/18/2009 0:00,578.101
4/19/2009 0:00,578.566
4/20/2009 0:00,578.596
4/21/2009 0:00,578.445
4/22/2009 0:00,578.273
4/23/2009 0:00,578.266
4/24/2009 0:00,578.265
4/25/2009 0:00,578.464
4/26/2009 0:00,578.686
4/27/2009 0:00,578.537
4/28/2009 0:00,578.735
4/29/2009 0:00,578.71
4/30/2009 0:00,578.707
5/1/2009 0:00,578.454
5/2/2009 0:00,578.425
5/3/2009 0:00,578.59
5/4/2009 0:00,578.686
5/5/2009 0:00,578.697
5/6/2009 0:00,578.602
5/7/2009 0:00,578.544
5/8/2009 0:00,578.58
5/9/2009 0:00,578.641
5/10/2009 0:00,578.568
5/11/2009 0:00,578.638
5/12/2009 0:00,578.621
5/13/2009 0:00,578.568
5/14/2009 0:00,578.663
5/15/2009 0:00,578.767
5/16/2009 0:00,578.782
5/17/2009 0:00,578.519
5/18/2009 0:00,578.562
5/19/2009 0:00,578.515
5/20/2009 0:00,578.62
5/21/2009 0:00,578.57
5/22/2009 0:00,578.923
5/23/2009 0:00,578.837
5/24/2009 0:00,578.905
5/25/2009 0:00,579.017
5/26/2009 0:00,579.142
5/27/2009 0:00,579.11
5/28/2009 0:00,578.911
5/29/2009 0:00,578.774
5/30/2009 0:00,578.828
5/31/2009 0:00,578.772
6/1/2009 0:00,578.949
6/2/2009 0:00,579.017
6/3/2009 0:00,579.015
6/4/2009 0:00,578.901
6/5/2009 0:00,578.752
6/6/2009 0:00,578.939
6/7/2009 0:00,579.06
6/8/2009 0:00,579.201
6/9/2009 0:00,579.142
6/10/2009 0:00,579.027
6/11/2009 0:00,579.194
6/12/2009 0:00,579.001
6/13/2009 0:00,579.001
6/14/2009 0:00,578.945
6/15/2009 0:00,579.024
6/16/2009 0:00,579.153
6/17/2009 0:00,579.141
6/18/2009 0:00,579.036
6/19/2009 0:00,578.927
6/20/2009 0:00,579.173
6/21/2009 0:00,579.046
6/22/2009 0:00,579.189
6/23/2009 0:00,579.09
6/24/2009 0:00,579.048
6/25/2009 0:00,579.084
6/26/2009 0:00,579.098
6/27/2009 0:00,579.067
6/28/2009 0:00,579.02
6/29/2009 0:00,578.95
6/30/2009 0:00,579.061
7/1/2009 0:00,579.068
7/2/2009 0:00,579.032
7/3/2009 0:00,578.965
7/4/2009 0:00,578.999
7/5/2009 0:00,579.003
7/6/2009 0:00,578.987
7/7/2009 0:00,579.018
7/8/2009 0:00,579.049
7/9/2009 0:00,579.128
7/10/2009 0:00,578.941
7/11/2009 0:00,578.898
7/12/2009 0:00,578.943
7/13/2009 0:00,578.999
7/14/2009 0:00,578.959
7/15/2009 0:00,578.83
7/16/2009 0:00,578.827
7/17/2009 0:00,578.958
7/18/2009 0:00,578.978
7/19/2009 0:00,578.898
7/20/2009 0:00,578.997
7/21/2009 0:00,579.032
7/22/2009 0:00,579.107
7/23/2009 0:00,579.058
7/24/2009 0:00,578.82
7/25/2009 0:00,578.941
7/26/2009 0:00,579.012
7/27/2009 0:00,578.856
7/28/2009 0:00,578.877
7/29/2009 0:00,578.896
7/30/2009 0:00,578.84
7/31/2009 0:00,578.905
8/1/2009 0:00,578.655
8/2/2009 0:00,578.711
8/3/2009 0:00,578.626
8/4/2009 0:00,578.907
8/5/2009 0:00,578.799
8/6/2009 0:00,578.84
8/7/2009 0:00,578.783
8/8/2009 0:00,578.778
8/9/2009 0:00,578.775
8/10/2009 0:00,579.009
8/11/2009 0:00,579.043
8/12/2009 0:00,578.94
8/13/2009 0:00,578.885
8/14/2009 0:00,578.864
8/15/2009 0:00,578.845
8/16/2009 0:00,578.81
8/17/2009 0:00,578.886
8/18/2009 0:00,578.846
8/19/2009 0:00,578.865
8/20/2009 0:00,578.875
8/21/2009 0:00,578.823
8/22/2009 0:00,579.045
8/23/2009 0:00,579.085
8/24/2009 0:00,578.853
8/25/2009 0:00,578.733
8/26/2009 0:00,578.996
8/27/2009 0:00,579.078
8/28/2009 0:00,579.019
8/29/2009 0:00,579.209
8/30/2009 0:00,579.304
8/31/2009 0:00,579.02
9/1/2009 0:00,578.965
9/2/2009 0:00,578.963
9/3/2009 0:00,579.025
9/4/2009 0:00,578.941
9/5/2009 0:00,578.978
9/6/2009 0:00,579.023
9/7/2009 0:00,579.03
9/8/2009 0:00,579.048
9/9/2009 0:00,579.049
9/10/2009 0:00,579.026
9/11/2009 0:00,579.001
9/12/2009 0:00,578.943
9/13/2009 0:00,578.839
9/14/2009 0:00,578.813
9/15/2009 0:00,578.94
9/16/2009 0:00,579.199
9/17/2009 0:00,578.84
9/18/2009 0:00,578.837
9/19/2009 0:00,578.913
9/20/2009 0:00,578.842
9/21/2009 0:00,578.809
9/22/2009 0:00,578.764
9/23/2009 0:00,578.757
9/24/2009 0:00,578.744
9/25/2009 0:00,578.898
9/26/2009 0:00,578.764
9/27/2009 0:00,578.445
9/28/2009 0:00,578.454
9/29/2009 0:00,578.896
9/30/2009 0:00,578.79
10/1/2009 0:00,578.728
10/2/2009 0:00,578.713
10/3/2009 0:00,578.815
10/4/2009 0:00,578.604
10/5/2009 0:00,578.53
10/6/2009 0:00,578.353
10/7/2009 0:00,578.605
10/8/2009 0:00,578.428
10/9/2009 0:00,578.92
10/10/2009 0:00,578.547
10/11/2009 0:00,578.305
10/12/2009 0:00,578.55
10/13/2009 0:00,578.756
10/14/2009 0:00,578.804
10/15/2009 0:00,578.812
10/16/2009 0:00,578.758
10/17/2009 0:00,578.651
10/18/2009 0:00,578.32
10/19/2009 0:00,578.054
10/20/2009 0:00,578.376
10/21/2009 0:00,578.482
10/22/2009 0:00,578.946
10/23/2009 0:00,578.773
10/24/2009 0:00,578.68
10/25/2009 0:00,578.461
10/26/2009 0:00,578.708
10/27/2009 0:00,578.681
10/28/2009 0:00,578.683
10/29/2009 0:00,578.585
10/30/2009 0:00,578.313
10/31/2009 0:00,578.2
11/1/2009 0:00,578.273
11/2/2009 0:00,578.493
11/3/2009 0:00,578.558
11/4/2009 0:00,578.52
11/5/2009 0:00,578.433
11/6/2009 0:00,578.221
11/7/2009 0:00,578.292
11/8/2009 0:00,578.452
11/9/2009 0:00,578.529
11/10/2009 0:00,578.675
11/11/2009 0:00,578.639
11/12/2009 0:00,578.376
11/13/2009 0:00,578.294
11/14/2009 0:00,578.447
11/15/2009 0:00,578.538
11/16/2009 0:00,578.74
11/17/2009 0:00,578.917
11/18/2009 0:00,578.76
11/19/2009 0:00,578.449
11/20/2009 0:00,578.303
11/21/2009 0:00,578.388
11/22/2009 0:00,578.485
11/23/2009 0:00,578.586
11/24/2009 0:00,578.539
11/25/2009 0:00,578.386
11/26/2009 0:00,578.618
11/27/2009 0:00,578.443
11/28/2009 0:00,578.329
11/29/2009 0:00,578.636
11/30/2009 0:00,578.185
12/1/2009 0:00,578.047
12/2/2009 0:00,578.692
12/3/2009 0:00,578.507
12/4/2009 0:00,578.1
12/5/2009 0:00,578.027
12/6/2009 0:00,578.063
12/7/2009 0:00,578.41
12/8/2009 0:00,578.577
12/9/2009 0:00,578.643
12/10/2009 0:00,578.043
12/11/2009 0:00,577.821
12/12/2009 0:00,577.62
12/13/2009 0:00,578.135
12/14/2009 0:00,578.458
12/15/2009 0:00,578.392
12/16/2009 0:00,578.031
12/17/2009 0:00,578.233
12/18/2009 0:00,578.507
12/19/2009 0:00,578.665
12/20/2009 0:00,578.35
12/21/2009 0:00,578.291
12/22/2009 0:00,578.452
12/23/2009 0:00,578.44
12/24/2009 0:00,578.507
12/25/2009 0:00,578.597
12/26/2009 0:00,578.386
12/27/2009 0:00,578.194
12/28/2009 0:00,578.269
12/29/2009 0:00,578.12
12/30/2009 0:00,577.843
12/31/2009 0:00,578.148
1/1/2010 0:00,578.319
1/2/2010 0:00,578.464
1/3/2010 0:00,578.486
1/4/2010 0:00,578.408
1/5/2010 0:00,578.388
1/6/2010 0:00,578.186
1/7/2010 0:00,578.325
1/8/2010 0:00,578.78
1/9/2010 0:00,578.385
1/10/2010 0:00,577.566
1/11/2010 0:00,578.208
1/12/2010 0:00,578.145
1/13/2010 0:00,577.569
1/14/2010 0:00,577.795
1/15/2010 0:00,577.943
1/16/2010 0:00,577.768
1/17/2010 0:00,577.959
1/18/2010 0:00,578.003
1/19/2010 0:00,578.078
1/20/2010 0:00,578.3
1/21/2010 0:00,578.41
1/22/2010 0:00,578.405
1/23/2010 0:00,578.28
1/24/2010 0:00,578.148
1/25/2010 0:00,577.875
1/26/2010 0:00,577.734
1/27/2010 0:00,577.573
1/28/2010 0:00,577.78
1/29/2010 0:00,577.922
1/30/2010 0:00,578.018
1/31/2010 0:00,577.863
2/1/2010 0:00,577.839
2/2/2010 0:00,577.953
2/3/2010 0:00,578.02
2/4/2010 0:00,577.935
2/5/2010 0:00,578.471
2/6/2010 0:00,578.637
2/7/2010 0:00,578.105
2/8/2010 0:00,578.008
2/9/2010 0:00,578.338
2/10/2010 0:00,578.537
2/11/2010 0:00,578.086
2/12/2010 0:00,577.94
2/13/2010 0:00,578.025
2/14/2010 0:00,577.914
2/15/2010 0:00,578.096
2/16/2010 0:00,578.263
2/17/2010 0:00,578.031
2/18/2010 0:00,577.883
2/19/2010 0:00,577.873
2/20/2010 0:00,577.948
2/21/2010 0:00,578.144
2/22/2010 0:00,578.327
2/23/2010 0:00,577.949
2/24/2010 0:00,578.246
2/25/2010 0:00,578.383
2/26/2010 0:00,578.279
2/27/2010 0:00,578.307
2/28/2010 0:00,578.152
3/1/2010 0:00,578.199
3/2/2010 0:00,578.188
3/3/2010 0:00,578.156
3/4/2010 0:00,578.054
3/5/2010 0:00,577.994
3/6/2010 0:00,577.827
3/7/2010 0:00,577.787
3/8/2010 0:00,577.805
3/9/2010 0:00,577.953
3/10/2010 0:00,578.089
3/11/2010 0:00,578.162
3/12/2010 0:00,578.257
3/13/2010 0:00,578.549
3/14/2010 0:00,578.311
3/15/2010 0:00,578.069
3/16/2010 0:00,578.018
3/17/2010 0:00,577.961
3/18/2010 0:00,577.768
3/19/2010 0:00,577.949
3/20/2010 0:00,578.347
3/21/2010 0:00,578.162
3/22/2010 0:00,578.277
3/23/2010 0:00,578.076
3/24/2010 0:00,577.933
3/25/2010 0:00,578.547
3/26/2010 0:00,578.192
3/27/2010 0:00,578.033
3/28/2010 0:00,578.281
3/29/2010 0:00,578.098
3/30/2010 0:00,577.915
3/31/2010 0:00,577.858
4/1/2010 0:00,577.856
4/2/2010 0:00,577.783
4/3/2010 0:00,577.823
4/4/2010 0:00,577.721
4/5/2010 0:00,577.803
4/6/2010 0:00,578.119
4/7/2010 0:00,578.313
4/8/2010 0:00,578.383
4/9/2010 0:00,577.993
4/10/2010 0:00,577.838
4/11/2010 0:00,578.084
4/12/2010 0:00,578.172
4/13/2010 0:00,578.326
4/14/2010 0:00,578.087
4/15/2010 0:00,577.92
4/16/2010 0:00,577.915
4/17/2010 0:00,577.81
4/18/2010 0:00,578.039
4/19/2010 0:00,578.043
4/20/2010 0:00,578.006
4/21/2010 0:00,578.196
4/22/2010 0:00,578.213
4/23/2010 0:00,578.117
4/24/2010 0:00,578.323
4/25/2010 0:00,578.557
4/26/2010 0:00,578.391
4/27/2010 0:00,578.298
4/28/2010 0:00,577.974
4/29/2010 0:00,577.885
4/30/2010 0:00,577.94
5/1/2010 0:00,577.898
5/2/2010 0:00,577.818
5/3/2010 0:00,577.865
5/4/2010 0:00,577.807
5/5/2010 0:00,577.861
5/6/2010 0:00,577.926
5/7/2010 0:00,578.157
5/8/2010 0:00,578.306
5/9/2010 0:00,577.972
5/10/2010 0:00,578.037
5/11/2010 0:00,578.463
5/12/2010 0:00,578.343
5/13/2010 0:00,578.049
5/14/2010 0:00,578
5/15/2010 0:00,578.053
5/16/2010 0:00,578.307
5/17/2010 0:00,578.358
5/18/2010 0:00,578.329
5/19/2010 0:00,578.177
5/20/2010 0:00,578.073
5/21/2010 0:00,578.278
5/22/2010 0:00,578.233
5/23/2010 0:00,578.147
5/24/2010 0:00,578.215
5/25/2010 0:00,578.168
5/26/2010 0:00,578.118
5/27/2010 0:00,578.183
5/28/2010 0:00,578.147
5/29/2010 0:00,578.186
5/30/2010 0:00,578.1
5/31/2010 0:00,578.069
6/1/2010 0:00,577.989
6/2/2010 0:00,578.187
6/3/2010 0:00,578.22
6/4/2010 0:00,578.079
6/5/2010 0:00,578.205
6/6/2010 0:00,578.311
6/7/2010 0:00,578.19
6/8/2010 0:00,578.131
6/9/2010 0:00,578.265
6/10/2010 0:00,578.175
6/11/2010 0:00,578.281
6/12/2010 0:00,578.5
6/13/2010 0:00,578.279
6/14/2010 0:00,578.349
6/15/2010 0:00,578.43
6/16/2010 0:00,578.48
6/17/2010 0:00,578.355
6/18/2010 0:00,578.267
6/19/2010 0:00,578.241
6/20/2010 0:00,578.328
6/21/2010 0:00,578.373
6/22/2010 0:00,578.446
6/23/2010 0:00,578.17
6/24/2010 0:00,578.34
6/25/2010 0:00,578.27
6/26/2010 0:00,578.367
6/27/2010 0:00,578.363
6/28/2010 0:00,578.42
6/29/2010 0:00,578.385
6/30/2010 0:00,578.399
7/1/2010 0:00,578.397
7/2/2010 0:00,578.281
7/3/2010 0:00,578.156
7/4/2010 0:00,578.161
7/5/2010 0:00,578.18
7/6/2010 0:00,578.236
7/7/2010 0:00,578.271
7/8/2010 0:00,578.34
7/9/2010 0:00,578.354
7/10/2010 0:00,578.302
7/11/2010 0:00,578.31
7/12/2010 0:00,578.399
7/13/2010 0:00,578.445
7/14/2010 0:00,578.348
7/15/2010 0:00,578.358
7/16/2010 0:00,578.203
7/17/2010 0:00,578.223
7/18/2010 0:00,578.311
7/19/2010 0:00,578.371
7/20/2010 0:00,578.354
7/21/2010 0:00,578.33
7/22/2010 0:00,578.234
7/23/2010 0:00,578.354
7/24/2010 0:00,578.479
7/25/2010 0:00,578.592
7/26/2010 0:00,578.424
7/27/2010 0:00,578.336
7/28/2010 0:00,578.268
7/29/2010 0:00,578.413
7/30/2010 0:00,578.436
7/31/2010 0:00,578.463
8/1/2010 0:00,578.413
8/2/2010 0:00,578.303
8/3/2010 0:00,578.278
8/4/2010 0:00,578.327
8/5/2010 0:00,578.252
8/6/2010 0:00,578.307
8/7/2010 0:00,578.229
8/8/2010 0:00,578.145
8/9/2010 0:00,578.282
8/10/2010 0:00,578.372
8/11/2010 0:00,578.417
8/12/2010 0:00,578.441
8/13/2010 0:00,578.384
8/14/2010 0:00,578.424
8/15/2010 0:00,578.261
8/16/2010 0:00,577.981
8/17/2010 0:00,578.056
8/18/2010 0:00,578.04
8/19/2010 0:00,578.133
8/20/2010 0:00,578.218
8/21/2010 0:00,578.377
8/22/2010 0:00,578.379
8/23/2010 0:00,578.399
8/24/2010 0:00,578.324
8/25/2010 0:00,578.394
8/26/2010 0:00,578.22
8/27/2010 0:00,578.077
8/28/2010 0:00,578.04
8/29/2010 0:00,578.086
8/30/2010 0:00,578.047
8/31/2010 0:00,577.888
9/1/2010 0:00,578.083
9/2/2010 0:00,578.112
9/3/2010 0:00,578.084
9/4/2010 0:00,577.813
9/5/2010 0:00,577.764
9/6/2010 0:00,577.837
9/7/2010 0:00,577.703
9/8/2010 0:00,577.736
9/9/2010 0:00,577.987
9/10/2010 0:00,578.162
9/11/2010 0:00,577.991
9/12/2010 0:00,577.854
9/13/2010 0:00,577.911
9/14/2010 0:00,577.975
9/15/2010 0:00,577.953
9/16/2010 0:00,578.44
9/17/2010 0:00,577.98
9/18/2010 0:00,577.894
9/19/2010 0:00,578.116
9/20/2010 0:00,578.089
9/21/2010 0:00,577.828
9/22/2010 0:00,577.999
9/23/2010 0:00,577.865
9/24/2010 0:00,577.675
9/25/2010 0:00,578.042
9/26/2010 0:00,578.24
9/27/2010 0:00,578.123
9/28/2010 0:00,578.085
9/29/2010 0:00,577.945
9/30/2010 0:00,578.122
10/1/2010 0:00,578.041
10/2/2010 0:00,578.807
10/3/2010 0:00,578.452
10/4/2010 0:00,578.095
10/5/2010 0:00,577.965
10/6/2010 0:00,577.982
10/7/2010 0:00,577.865
10/8/2010 0:00,577.733
10/9/2010 0:00,578.013
10/10/2010 0:00,577.958
10/11/2010 0:00,577.995
10/12/2010 0:00,578.012
10/13/2010 0:00,578.085
10/14/2010 0:00,577.808
10/15/2010 0:00,578.115
10/16/2010 0:00,577.668
10/17/2010 0:00,577.783
10/18/2010 0:00,577.835
10/19/2010 0:00,577.632
10/20/2010 0:00,577.428
10/21/2010 0:00,577.664
10/22/2010 0:00,577.498
10/23/2010 0:00,577.505
10/24/2010 0:00,577.816
10/25/2010 0:00,577.732
10/26/2010 0:00,577.042
10/27/2010 0:00,576.486
10/28/2010 0:00,577.037
10/29/2010 0:00,577.203
10/30/2010 0:00,577.444
10/31/2010 0:00,577.814
11/1/2010 0:00,577.695
11/2/2010 0:00,577.567
11/3/2010 0:00,577.301
11/4/2010 0:00,578.016
11/5/2010 0:00,578.081
11/6/2010 0:00,577.488
11/7/2010 0:00,577.155
11/8/2010 0:00,577.496
11/9/2010 0:00,577.682
11/10/2010 0:00,577.674
11/11/2010 0:00,577.575
11/12/2010 0:00,577.656
11/13/2010 0:00,577.501
11/14/2010 0:00,577.215
11/15/2010 0:00,577.098
11/16/2010 0:00,577.45
11/17/2010 0:00,577.424
11/18/2010 0:00,577.344
11/19/2010 0:00,576.971
11/20/2010 0:00,577.264
11/21/2010 0:00,577.256
11/22/2010 0:00,577.34
11/23/2010 0:00,577.189
11/24/2010 0:00,577.092
11/25/2010 0:00,577.425
11/26/2010 0:00,576.795
11/27/2010 0:00,576.776
11/28/2010 0:00,576.9
11/29/2010 0:00,577.108
11/30/2010 0:00,577.151
12/1/2010 0:00,577.067
12/2/2010 0:00,577.03
12/3/2010 0:00,577.265
12/4/2010 0:00,577.519
12/5/2010 0:00,577.415
12/6/2010 0:00,577.228
12/7/2010 0:00,577.2
12/8/2010 0:00,577.16
12/9/2010 0:00,576.893
12/10/2010 0:00,576.957
12/11/2010 0:00,577.213
12/12/2010 0:00,578.977
12/13/2010 0:00,578.232
12/14/2010 0:00,577.347
12/15/2010 0:00,576.979
12/16/2010 0:00,576.968
12/17/2010 0:00,576.923
12/18/2010 0:00,576.82
12/19/2010 0:00,577.032
12/20/2010 0:00,577.037
12/21/2010 0:00,577.019
12/22/2010 0:00,577.369
12/23/2010 0:00,577.183
12/24/2010 0:00,577.242
12/25/2010 0:00,577.452
12/26/2010 0:00,577.556
12/27/2010 0:00,577.039
12/28/2010 0:00,576.448
12/29/2010 0:00,576.593
12/30/2010 0:00,576.753
12/31/2010 0:00,576.909
1/1/2011 0:00,576.499
1/2/2011 0:00,576.412
1/3/2011 0:00,576.624
1/4/2011 0:00,576.899
1/5/2011 0:00,576.826
1/6/2011 0:00,577.067
1/7/2011 0:00,577.003
1/8/2011 0:00,577.359
1/9/2011 0:00,577.094
1/10/2011 0:00,577.046
1/11/2011 0:00,577.299
1/12/2011 0:00,577.372
1/13/2011 0:00,576.978
1/14/2011 0:00,576.917
1/15/2011 0:00,577.08
1/16/2011 0:00,576.985
1/17/2011 0:00,576.669
1/18/2011 0:00,577.399
1/19/2011 0:00,577.28
1/20/2011 0:00,576.998
1/21/2011 0:00,576.94
1/22/2011 0:00,576.942
1/23/2011 0:00,577.004
1/24/2011 0:00,576.759
1/25/2011 0:00,576.883
1/26/2011 0:00,576.941
1/27/2011 0:00,576.862
1/28/2011 0:00,576.923
1/29/2011 0:00,577.127
1/30/2011 0:00,577.198
1/31/2011 0:00,577.209
2/1/2011 0:00,577.963
2/2/2011 0:00,578.085
2/3/2011 0:00,576.577
2/4/2011 0:00,576.264
2/5/2011 0:00,576.687
2/6/2011 0:00,576.996
2/7/2011 0:00,577.254
2/8/2011 0:00,576.958
2/9/2011 0:00,576.543
2/10/2011 0:00,576.537
2/11/2011 0:00,576.617
2/12/2011 0:00,576.618
2/13/2011 0:00,576.387
2/14/2011 0:00,576.742
2/15/2011 0:00,576.465
2/16/2011 0:00,576.762
2/17/2011 0:00,576.626
2/18/2011 0:00,576.528
2/19/2011 0:00,576.631
2/20/2011 0:00,576.945
2/21/2011 0:00,577.453
2/22/2011 0:00,577.197
2/23/2011 0:00,576.822
2/24/2011 0:00,576.987
2/25/2011 0:00,577.075
2/26/2011 0:00,576.927
2/27/2011 0:00,577.019
2/28/2011 0:00,577.098
3/1/2011 0:00,576.605
3/2/2011 0:00,576.949
3/3/2011 0:00,576.839
3/4/2011 0:00,577.153
3/5/2011 0:00,577.689
3/6/2011 0:00,577.252
3/7/2011 0:00,577.023
3/8/2011 0:00,577.159
3/9/2011 0:00,577.43
3/10/2011 0:00,577.353
3/11/2011 0:00,576.951
3/12/2011 0:00,576.833
3/13/2011 0:00,577.062
3/14/2011 0:00,577.087
3/15/2011 0:00,577.144
3/16/2011 0:00,576.974
3/17/2011 0:00,576.814
3/18/2011 0:00,576.956
3/19/2011 0:00,577.077
3/20/2011 0:00,577.24
3/21/2011 0:00,577.183
3/22/2011 0:00,577.23
3/23/2011 0:00,577.888
3/24/2011 0:00,577.609
3/25/2011 0:00,577.312
3/26/2011 0:00,577.49
3/27/2011 0:00,577.355
3/28/2011 0:00,577.178
3/29/2011 0:00,577.137
3/30/2011 0:00,577.214
3/31/2011 0:00,577.138
4/1/2011 0:00,577.056
4/2/2011 0:00,576.993
4/3/2011 0:00,577.074
4/4/2011 0:00,577.268
4/5/2011 0:00,576.927
4/6/2011 0:00,577.196
4/7/2011 0:00,577.28
4/8/2011 0:00,577.33
4/9/2011 0:00,577.267
4/10/2011 0:00,577.171
4/11/2011 0:00,577.156
4/12/2011 0:00,577.345
4/13/2011 0:00,577.354
4/14/2011 0:00,577.733
4/15/2011 0:00,577.989
4/16/2011 0:00,577.823
4/17/2011 0:00,577.311
4/18/2011 0:00,577.404
4/19/2011 0:00,577.908
4/20/2011 0:00,577.564
4/21/2011 0:00,577.436
4/22/2011 0:00,577.619
4/23/2011 0:00,577.592
4/24/2011 0:00,577.574
4/25/2011 0:00,577.67
4/26/2011 0:00,577.674
4/27/2011 0:00,577.801
4/28/2011 0:00,577.549
4/29/2011 0:00,577.657
4/30/2011 0:00,577.79
5/1/2011 0:00,577.824
5/2/2011 0:00,577.734
5/3/2011 0:00,577.936
5/4/2011 0:00,577.783
5/5/2011 0:00,577.627
5/6/2011 0:00,577.751
5/7/2011 0:00,577.907
5/8/2011 0:00,578.012
5/9/2011 0:00,578.107
5/10/2011 0:00,578.12
5/11/2011 0:00,578.097
5/12/2011 0:00,577.987
5/13/2011 0:00,578.145
5/14/2011 0:00,578.487
5/15/2011 0:00,578.73
5/16/2011 0:00,578.405
5/17/2011 0:00,578.27
5/18/2011 0:00,578.178
5/19/2011 0:00,578.056
5/20/2011 0:00,578.037
5/21/2011 0:00,578.141
5/22/2011 0:00,578.004
5/23/2011 0:00,577.991
5/24/2011 0:00,578.098
5/25/2011 0:00,578.575
5/26/2011 0:00,578.862
5/27/2011 0:00,578.391
5/28/2011 0:00,578.288
5/29/2011 0:00,578.27
5/30/2011 0:00,578.238
5/31/2011 0:00,578.043
6/1/2011 0:00,577.848
6/2/2011 0:00,578.122
6/3/2011 0:00,578.241
6/4/2011 0:00,578.208
6/5/2011 0:00,578.204
6/6/2011 0:00,578.259
6/7/2011 0:00,578.207
6/8/2011 0:00,578.026
6/9/2011 0:00,578.433
6/10/2011 0:00,578.504
6/11/2011 0:00,578.396
6/12/2011 0:00,578.248
6/13/2011 0:00,578.269
6/14/2011 0:00,578.393
6/15/2011 0:00,578.392
6/16/2011 0:00,578.404
6/17/2011 0:00,578.358
6/18/2011 0:00,578.463
6/19/2011 0:00,578.464
6/20/2011 0:00,578.494
6/21/2011 0:00,578.507
6/22/2011 0:00,578.479
6/23/2011 0:00,578.452
6/24/2011 0:00,578.367
6/25/2011 0:00,578.33
6/26/2011 0:00,578.491
6/27/2011 0:00,578.555
6/28/2011 0:00,578.418
6/29/2011 0:00,578.346
6/30/2011 0:00,578.499
7/1/2011 0:00,578.269
7/2/2011 0:00,578.371
7/3/2011 0:00,578.426
7/4/2011 0:00,578.417
7/5/2011 0:00,578.345
7/6/2011 0:00,578.427
7/7/2011 0:00,578.479
7/8/2011 0:00,578.488
7/9/2011 0:00,578.462
7/10/2011 0:00,578.373
7/11/2011 0:00,578.224
7/12/2011 0:00,578.425
7/13/2011 0:00,578.567
7/14/2011 0:00,578.524
7/15/2011 0:00,578.482
7/16/2011 0:00,578.458
7/17/2011 0:00,578.279
7/18/2011 0:00,578.241
7/19/2011 0:00,578.506
7/20/2011 0:00,578.262
7/21/2011 0:00,578.262
7/22/2011 0:00,578.352
7/23/2011 0:00,578.388
7/24/2011 0:00,578.48
7/25/2011 0:00,578.434
7/26/2011 0:00,578.367
7/27/2011 0:00,578.342
7/28/2011 0:00,578.504
7/29/2011 0:00,578.473
7/30/2011 0:00,578.372
7/31/2011 0:00,578.341
8/1/2011 0:00,578.352
8/2/2011 0:00,578.36
8/3/2011 0:00,578.64
8/4/2011 0:00,578.494
8/5/2011 0:00,578.483
8/6/2011 0:00,578.507
8/7/2011 0:00,578.532
8/8/2011 0:00,578.621
8/9/2011 0:00,578.409
8/10/2011 0:00,578.37
8/11/2011 0:00,578.252
8/12/2011 0:00,578.267
8/13/2011 0:00,578.433
8/14/2011 0:00,578.945
8/15/2011 0:00,578.517
8/16/2011 0:00,578.422
8/17/2011 0:00,578.338
8/18/2011 0:00,578.409
8/19/2011 0:00,578.322
8/20/2011 0:00,578.38
8/21/2011 0:00,578.42
8/22/2011 0:00,578.265
8/23/2011 0:00,577.898
8/24/2011 0:00,578.087
8/25/2011 0:00,578.259
8/26/2011 0:00,578.176
8/27/2011 0:00,578.409
8/28/2011 0:00,578.466
8/29/2011 0:00,578.219
8/30/2011 0:00,578.113
8/31/2011 0:00,578.181
9/1/2011 0:00,578.263
9/2/2011 0:00,578.138
9/3/2011 0:00,578.163
9/4/2011 0:00,578.421
9/5/2011 0:00,578.748
9/6/2011 0:00,578.559
9/7/2011 0:00,578.55
9/8/2011 0:00,578.658
9/9/2011 0:00,578.437
9/10/2011 0:00,578.293
9/11/2011 0:00,578.099
9/12/2011 0:00,577.919
9/13/2011 0:00,578.101
9/14/2011 0:00,578.042
9/15/2011 0:00,578.128
9/16/2011 0:00,578.045
9/17/2011 0:00,578.021
9/18/2011 0:00,577.937
9/19/2011 0:00,578.015
9/20/2011 0:00,577.86
9/21/2011 0:00,577.759
9/22/2011 0:00,577.821
9/23/2011 0:00,578.009
9/24/2011 0:00,578.041
9/25/2011 0:00,578.092
9/26/2011 0:00,578.073
9/27/2011 0:00,578.112
9/28/2011 0:00,578.16
9/29/2011 0:00,577.892
9/30/2011 0:00,579.014
10/1/2011 0:00,578.505
10/2/2011 0:00,578.05
10/3/2011 0:00,578.041
10/4/2011 0:00,578.002
10/5/2011 0:00,578.019
10/6/2011 0:00,578.095
10/7/2011 0:00,577.912
10/8/2011 0:00,577.834
10/9/2011 0:00,577.895
10/10/2011 0:00,577.953
10/11/2011 0:00,577.95
10/12/2011 0:00,577.968
10/13/2011 0:00,577.938
10/14/2011 0:00,577.804
10/15/2011 0:00,577.334
10/16/2011 0:00,577.154
10/17/2011 0:00,577.19
10/18/2011 0:00,577.832
10/19/2011 0:00,579.046
10/20/2011 0:00,578.996
10/21/2011 0:00,578.059
10/22/2011 0:00,577.87
10/23/2011 0:00,578.001
10/24/2011 0:00,577.833
10/25/2011 0:00,577.932
10/26/2011 0:00,578.422
10/27/2011 0:00,578.129
10/28/2011 0:00,577.857
10/29/2011 0:00,577.953
10/30/2011 0:00,577.594
10/31/2011 0:00,577.901
11/1/2011 0:00,577.661
11/2/2011 0:00,577.979
11/3/2011 0:00,578.519
11/4/2011 0:00,578.016
11/5/2011 0:00,577.728
11/6/2011 0:00,577.412
11/7/2011 0:00,577.619
11/8/2011 0:00,578.144
11/9/2011 0:00,578.166
11/10/2011 0:00,577.888
11/11/2011 0:00,577.509
11/12/2011 0:00,577.413
11/13/2011 0:00,577.444
11/14/2011 0:00,577.694
11/15/2011 0:00,577.662
11/16/2011 0:00,577.675
11/17/2011 0:00,577.445
11/18/2011 0:00,576.889
11/19/2011 0:00,577.295
11/20/2011 0:00,578.04
11/21/2011 0:00,577.939
11/22/2011 0:00,578.124
11/23/2011 0:00,577.8
11/24/2011 0:00,577.131
11/25/2011 0:00,577.14
11/26/2011 0:00,577.593
11/27/2011 0:00,578.006
11/28/2011 0:00,577.882
11/29/2011 0:00,578.941
11/30/2011 0:00,577.933
12/1/2011 0:00,577.728
12/2/2011 0:00,577.72
12/3/2011 0:00,577.395
12/4/2011 0:00,577.668
12/5/2011 0:00,578.025
12/6/2011 0:00,578.03
12/7/2011 0:00,577.597
12/8/2011 0:00,577.304
12/9/2011 0:00,577.372
12/10/2011 0:00,577.295
12/11/2011 0:00,577.026
12/12/2011 0:00,577.289
12/13/2011 0:00,577.663
12/14/2011 0:00,577.676
12/15/2011 0:00,577.616
12/16/2011 0:00,577.561
12/17/2011 0:00,577.668
12/18/2011 0:00,577.434
12/19/2011 0:00,577.622
12/20/2011 0:00,577.734
12/21/2011 0:00,577.707
12/22/2011 0:00,577.875
12/23/2011 0:00,577.665
12/24/2011 0:00,577.481
12/25/2011 0:00,577.463
12/26/2011 0:00,577.092
12/27/2011 0:00,577.614
12/28/2011 0:00,577.634
12/29/2011 0:00,577.664
12/30/2011 0:00,578.068
12/31/2011 0:00,577.6
1/1/2012 0:00,577.593
1/2/2012 0:00,577.791
1/3/2012 0:00,577.438
1/4/2012 0:00,577.386
1/5/2012 0:00,577.319
1/6/2012 0:00,577.489
1/7/2012 0:00,577.51
1/8/2012 0:00,577.453
1/9/2012 0:00,577.169
1/10/2012 0:00,577.371
1/11/2012 0:00,577.668
1/12/2012 0:00,578.018
1/13/2012 0:00,577.878
1/14/2012 0:00,577.679
1/15/2012 0:00,577.356
1/16/2012 0:00,577.392
1/17/2012 0:00,578.069
1/18/2012 0:00,577.279
1/19/2012 0:00,577.324
1/20/2012 0:00,577.367
1/21/2012 0:00,577.592
1/22/2012 0:00,577.294
1/23/2012 0:00,577.343
1/24/2012 0:00,577.434
1/25/2012 0:00,577.382
1/26/2012 0:00,577.569
1/27/2012 0:00,577.493
1/28/2012 0:00,577.162
1/29/2012 0:00,577.207
1/30/2012 0:00,577.219
1/31/2012 0:00,577.436
2/1/2012 0:00,577.502
2/2/2012 0:00,577.526
2/3/2012 0:00,577.638
2/4/2012 0:00,577.584
2/5/2012 0:00,577.584
2/6/2012 0:00,577.218
2/7/2012 0:00,577.842
2/8/2012 0:00,577.51
2/9/2012 0:00,577.092
2/10/2012 0:00,577.839
2/11/2012 0:00,577.834
2/12/2012 0:00,577.287
2/13/2012 0:00,577.047
2/14/2012 0:00,577.214
2/15/2012 0:00,577.336
2/16/2012 0:00,577.467
2/17/2012 0:00,577.28
2/18/2012 0:00,577.539
2/19/2012 0:00,577.404
2/20/2012 0:00,577.382
2/21/2012 0:00,577.287
2/22/2012 0:00,577.218
2/23/2012 0:00,577.473
2/24/2012 0:00,577.622
2/25/2012 0:00,577.347
2/26/2012 0:00,577.106
2/27/2012 0:00,577.263
2/28/2012 0:00,577.369
2/29/2012 0:00,577.582
3/1/2012 0:00,577.788
3/2/2012 0:00,577.69
3/3/2012 0:00,577.447
3/4/2012 0:00,577.66
3/5/2012 0:00,577.543
3/6/2012 0:00,577.093
3/7/2012 0:00,576.982
3/8/2012 0:00,577.272
3/9/2012 0:00,577.428
3/10/2012 0:00,576.992
3/11/2012 0:00,577.292
3/12/2012 0:00,577.461
3/13/2012 0:00,577.479
3/14/2012 0:00,577.508
3/15/2012 0:00,577.699
3/16/2012 0:00,577.615
3/17/2012 0:00,577.672
3/18/2012 0:00,577.644
3/19/2012 0:00,577.693
3/20/2012 0:00,577.714
3/21/2012 0:00,577.707
3/22/2012 0:00,577.782
3/23/2012 0:00,577.93
3/24/2012 0:00,577.933
3/25/2012 0:00,577.834
3/26/2012 0:00,578.007
3/27/2012 0:00,577.538
3/28/2012 0:00,577.655
3/29/2012 0:00,577.831
3/30/2012 0:00,577.974
3/31/2012 0:00,577.913
4/1/2012 0:00,577.774
4/2/2012 0:00,577.894
4/3/2012 0:00,577.919
4/4/2012 0:00,577.909
4/5/2012 0:00,578.16
4/6/2012 0:00,577.859
4/7/2012 0:00,577.67
4/8/2012 0:00,577.682
4/9/2012 0:00,577.618
4/10/2012 0:00,577.651
4/11/2012 0:00,577.712
4/12/2012 0:00,577.711
4/13/2012 0:00,577.668
4/14/2012 0:00,577.631
4/15/2012 0:00,577.508
4/16/2012 0:00,577.365
4/17/2012 0:00,577.545
4/18/2012 0:00,577.595
4/19/2012 0:00,577.948
4/20/2012 0:00,578.396
4/21/2012 0:00,578.026
4/22/2012 0:00,578.082
4/23/2012 0:00,577.838
4/24/2012 0:00,577.523
4/25/2012 0:00,577.764
4/26/2012 0:00,577.975
4/27/2012 0:00,577.748
4/28/2012 0:00,577.979
4/29/2012 0:00,577.856
4/30/2012 0:00,577.901
5/1/2012 0:00,577.842
5/2/2012 0:00,577.848
5/3/2012 0:00,577.91
5/4/2012 0:00,578.046
5/5/2012 0:00,578.133
5/6/2012 0:00,577.985
5/7/2012 0:00,578.084
5/8/2012 0:00,577.845
5/9/2012 0:00,577.84
5/10/2012 0:00,577.772
5/11/2012 0:00,577.712
5/12/2012 0:00,577.876
5/13/2012 0:00,577.865
5/14/2012 0:00,577.761
5/15/2012 0:00,577.745
5/16/2012 0:00,577.841
5/17/2012 0:00,577.867
5/18/2012 0:00,577.804
5/19/2012 0:00,577.804
5/20/2012 0:00,577.749
5/21/2012 0:00,577.925
5/22/2012 0:00,577.827
5/23/2012 0:00,577.847
5/24/2012 0:00,577.695
5/25/2012 0:00,577.686
5/26/2012 0:00,577.856
5/27/2012 0:00,577.789
5/28/2012 0:00,577.783
5/29/2012 0:00,577.615
5/30/2012 0:00,577.868
5/31/2012 0:00,577.991
6/1/2012 0:00,578.112
6/2/2012 0:00,577.618
6/3/2012 0:00,577.664
6/4/2012 0:00,577.922
6/5/2012 0:00,578.029
6/6/2012 0:00,577.873
6/7/2012 0:00,577.767
6/8/2012 0:00,577.687
6/9/2012 0:00,577.705
6/10/2012 0:00,577.744
6/11/2012 0:00,577.715
6/12/2012 0:00,577.847
6/13/2012 0:00,577.781
6/14/2012 0:00,577.847
6/15/2012 0:00,577.804
6/16/2012 0:00,577.682
6/17/2012 0:00,577.65
6/18/2012 0:00,577.567
6/19/2012 0:00,577.656
6/20/2012 0:00,577.635
6/21/2012 0:00,577.678
6/22/2012 0:00,577.778
6/23/2012 0:00,577.832
6/24/2012 0:00,577.888
6/25/2012 0:00,578.101
6/26/2012 0:00,577.866
6/27/2012 0:00,577.697
6/28/2012 0:00,577.777
6/29/2012 0:00,577.622
6/30/2012 0:00,577.713
7/1/2012 0:00,577.805
7/2/2012 0:00,577.769
7/3/2012 0:00,577.674
7/4/2012 0:00,577.704
7/5/2012 0:00,577.71
7/6/2012 0:00,577.785
7/7/2012 0:00,577.941
7/8/2012 0:00,577.964
7/9/2012 0:00,577.932
7/10/2012 0:00,577.973
7/11/2012 0:00,577.899
7/12/2012 0:00,577.818
7/13/2012 0:00,577.774
7/14/2012 0:00,577.72
7/15/2012 0:00,577.703
7/16/2012 0:00,577.555
7/17/2012 0:00,577.557
7/18/2012 0:00,577.851
7/19/2012 0:00,578.002
7/20/2012 0:00,577.992
7/21/2012 0:00,577.68
7/22/2012 0:00,577.647
7/23/2012 0:00,577.591
7/24/2012 0:00,577.691
7/25/2012 0:00,577.568
7/26/2012 0:00,577.626
7/27/2012 0:00,577.892
7/28/2012 0:00,577.843
7/29/2012 0:00,577.687
7/30/2012 0:00,577.555
7/31/2012 0:00,577.69
8/1/2012 0:00,577.611
8/2/2012 0:00,577.487
8/3/2012 0:00,577.706
8/4/2012 0:00,577.642
8/5/2012 0:00,577.482
8/6/2012 0:00,577.379
8/7/2012 0:00,577.429
8/8/2012 0:00,577.633
8/9/2012 0:00,577.712
8/10/2012 0:00,578.254
8/11/2012 0:00,577.907
8/12/2012 0:00,577.576
8/13/2012 0:00,577.614
8/14/2012 0:00,577.66
8/15/2012 0:00,577.546
8/16/2012 0:00,577.427
8/17/2012 0:00,577.454
8/18/2012 0:00,577.352
8/19/2012 0:00,577.475
8/20/2012 0:00,577.4
8/21/2012 0:00,577.366
8/22/2012 0:00,577.252
8/23/2012 0:00,577.205
8/24/2012 0:00,577.26
8/25/2012 0:00,577.27
8/26/2012 0:00,577.26
8/27/2012 0:00,577.316
8/28/2012 0:00,577.305
8/29/2012 0:00,577.268
8/30/2012 0:00,576.952
8/31/2012 0:00,577.051
9/1/2012 0:00,577.438
9/2/2012 0:00,577.497
9/3/2012 0:00,577.375
9/4/2012 0:00,577.349
9/5/2012 0:00,577.226
9/6/2012 0:00,577.233
9/7/2012 0:00,577.308
9/8/2012 0:00,577.384
9/9/2012 0:00,577.446
9/10/2012 0:00,577.202
9/11/2012 0:00,576.84
9/12/2012 0:00,576.874
9/13/2012 0:00,577.291
9/14/2012 0:00,577.132
9/15/2012 0:00,577.046
9/16/2012 0:00,576.951
9/17/2012 0:00,576.97
9/18/2012 0:00,577.328
9/19/2012 0:00,576.537
9/20/2012 0:00,576.818
9/21/2012 0:00,576.808
9/22/2012 0:00,576.944
9/23/2012 0:00,576.818
9/24/2012 0:00,576.381
9/25/2012 0:00,576.657
9/26/2012 0:00,577.057
9/27/2012 0:00,577.051
9/28/2012 0:00,576.998
9/29/2012 0:00,576.885
9/30/2012 0:00,577.041
10/1/2012 0:00,576.861
10/2/2012 0:00,576.999
10/3/2012 0:00,576.873
10/4/2012 0:00,576.626
10/5/2012 0:00,576.496
10/6/2012 0:00,576.508
10/7/2012 0:00,576.6
10/8/2012 0:00,576.074
10/9/2012 0:00,576.014
10/10/2012 0:00,576.321
10/11/2012 0:00,576.1
10/12/2012 0:00,576.538
10/13/2012 0:00,576.327
10/14/2012 0:00,576.733
10/15/2012 0:00,576.788
10/16/2012 0:00,576.452
10/17/2012 0:00,576.491
10/18/2012 0:00,576.438
10/19/2012 0:00,576.745
10/20/2012 0:00,576.715
10/21/2012 0:00,576.577
10/22/2012 0:00,576.728
10/23/2012 0:00,576.867
10/24/2012 0:00,576.868
10/25/2012 0:00,576.606
10/26/2012 0:00,576.769
10/27/2012 0:00,576.938
10/28/2012 0:00,577.159
10/29/2012 0:00,577.472
10/30/2012 0:00,577.914
10/31/2012 0:00,577.223
11/1/2012 0:00,576.718
11/2/2012 0:00,576.784
11/3/2012 0:00,576.82
11/4/2012 0:00,576.841
11/5/2012 0:00,576.798
11/6/2012 0:00,576.558
11/7/2012 0:00,576.711
11/8/2012 0:00,576.507
11/9/2012 0:00,576.52
11/10/2012 0:00,576.64
11/11/2012 0:00,576.4
11/12/2012 0:00,576.226
11/13/2012 0:00,576.263
11/14/2012 0:00,576.29
11/15/2012 0:00,576.325
11/16/2012 0:00,576.524
11/17/2012 0:00,576.539
11/18/2012 0:00,576.506
11/19/2012 0:00,576.515
11/20/2012 0:00,576.542
11/21/2012 0:00,576.332
11/22/2012 0:00,576.031
11/23/2012 0:00,576.19
11/24/2012 0:00,576.113
11/25/2012 0:00,576.284
11/26/2012 0:00,576.389
11/27/2012 0:00,576.198
11/28/2012 0:00,576.095
11/29/2012 0:00,576.134
11/30/2012 0:00,576.68
12/1/2012 0:00,576.465
12/2/2012 0:00,576.385
12/3/2012 0:00,576.244
12/4/2012 0:00,576.417
12/5/2012 0:00,576.27
12/6/2012 0:00,576.11
12/7/2012 0:00,576.401
12/8/2012 0:00,576.615
12/9/2012 0:00,576.534
12/10/2012 0:00,576.608
12/11/2012 0:00,576.102
12/12/2012 0:00,575.861
12/13/2012 0:00,575.75
12/14/2012 0:00,576.226
12/15/2012 0:00,576.441
12/16/2012 0:00,576.548
12/17/2012 0:00,576.387
12/18/2012 0:00,576.289
12/19/2012 0:00,576.37
12/20/2012 0:00,576.823
12/21/2012 0:00,577.392
12/22/2012 0:00,576.344
12/23/2012 0:00,576.323
12/24/2012 0:00,576.414
12/25/2012 0:00,576.628
12/26/2012 0:00,577.052
12/27/2012 0:00,576.713
12/28/2012 0:00,576.394
12/29/2012 0:00,576.43
12/30/2012 0:00,576.033
12/31/2012 0:00,575.959
1/1/2013 0:00,576.186
1/2/2013 0:00,576.015
1/3/2013 0:00,576.083
1/4/2013 0:00,575.53
1/5/2013 0:00,575.775
1/6/2013 0:00,576.208
1/7/2013 0:00,575.585
1/8/2013 0:00,575.651
1/9/2013 0:00,575.808
1/10/2013 0:00,575.953
1/11/2013 0:00,576.189
1/12/2013 0:00,575.932
1/13/2013 0:00,575.996
1/14/2013 0:00,575.977
1/15/2013 0:00,575.912
1/16/2013 0:00,575.629
1/17/2013 0:00,576.102
1/18/2013 0:00,575.495
1/19/2013 0:00,575.777
1/20/2013 0:00,576.012
1/21/2013 0:00,575.969
1/22/2013 0:00,575.94
1/23/2013 0:00,576.108
1/24/2013 0:00,576.363
1/25/2013 0:00,575.981
1/26/2013 0:00,576.214
1/27/2013 0:00,575.86
1/28/2013 0:00,576.204
1/29/2013 0:00,576.139
1/30/2013 0:00,576.609
1/31/2013 0:00,576.249
2/1/2013 0:00,576.064
2/2/2013 0:00,576.299
2/3/2013 0:00,576.283
2/4/2013 0:00,576.322
2/5/2013 0:00,576.264
2/6/2013 0:00,576.22
2/7/2013 0:00,576.481
2/8/2013 0:00,576.939
2/9/2013 0:00,576.312
2/10/2013 0:00,576.253
2/11/2013 0:00,575.979
2/12/2013 0:00,576.154
2/13/2013 0:00,576.17
2/14/2013 0:00,576.354
2/15/2013 0:00,576.41
2/16/2013 0:00,576.453
2/17/2013 0:00,576.349
2/18/2013 0:00,575.998
2/19/2013 0:00,576.254
2/20/2013 0:00,576.432
2/21/2013 0:00,576.534
2/22/2013 0:00,576.377
2/23/2013 0:00,576.34
2/24/2013 0:00,576.366
2/25/2013 0:00,576.429
2/26/2013 0:00,577.033
2/27/2013 0:00,577.047
2/28/2013 0:00,577.063
3/1/2013 0:00,576.941
3/2/2013 0:00,576.774
3/3/2013 0:00,576.551
3/4/2013 0:00,576.469
3/5/2013 0:00,576.749
3/6/2013 0:00,576.742
3/7/2013 0:00,576.49
3/8/2013 0:00,576.331
3/9/2013 0:00,576.327
3/10/2013 0:00,576.611
3/11/2013 0:00,576.499
3/12/2013 0:00,576.338
3/13/2013 0:00,576.504
3/14/2013 0:00,576.238
3/15/2013 0:00,576.407
3/16/2013 0:00,576.666
3/17/2013 0:00,576.707
3/18/2013 0:00,576.486
3/19/2013 0:00,576.291
3/20/2013 0:00,576.267
3/21/2013 0:00,576.366
3/22/2013 0:00,576.395
3/23/2013 0:00,576.471
3/24/2013 0:00,576.929
3/25/2013 0:00,577.022
3/26/2013 0:00,576.56
3/27/2013 0:00,576.33
3/28/2013 0:00,576.361
3/29/2013 0:00,576.424
3/30/2013 0:00,576.363
3/31/2013 0:00,576.374
4/1/2013 0:00,576.384
4/2/2013 0:00,576.302
4/3/2013 0:00,576.345
4/4/2013 0:00,576.195
4/5/2013 0:00,576.542
4/6/2013 0:00,576.387
4/7/2013 0:00,576.542
4/8/2013 0:00,576.501
4/9/2013 0:00,576.807
4/10/2013 0:00,577.144
4/11/2013 0:00,577.17
4/12/2013 0:00,577.098
4/13/2013 0:00,576.743
4/14/2013 0:00,576.796
4/15/2013 0:00,576.81
4/16/2013 0:00,576.814
4/17/2013 0:00,577.1
4/18/2013 0:00,577.172
4/19/2013 0:00,576.6
4/20/2013 0:00,576.781
4/21/2013 0:00,576.977
4/22/2013 0:00,577.123
4/23/2013 0:00,577.24
4/24/2013 0:00,577.018
4/25/2013 0:00,576.899
4/26/2013 0:00,576.945
4/27/2013 0:00,577.197
4/28/2013 0:00,577.274
4/29/2013 0:00,577.239
4/30/2013 0:00,577.189
5/1/2013 0:00,577.407
5/2/2013 0:00,577.736
5/3/2013 0:00,577.738
5/4/2013 0:00,577.6
5/5/2013 0:00,577.542
5/6/2013 0:00,577.491
5/7/2013 0:00,577.429
5/8/2013 0:00,577.376
5/9/2013 0:00,577.448
5/10/2013 0:00,577.815
5/11/2013 0:00,577.38
5/12/2013 0:00,577.192
5/13/2013 0:00,577.158
5/14/2013 0:00,577.403
5/15/2013 0:00,577.537
5/16/2013 0:00,577.386
5/17/2013 0:00,577.584
5/18/2013 0:00,577.576
5/19/2013 0:00,577.534
5/20/2013 0:00,577.519
5/21/2013 0:00,577.511
5/22/2013 0:00,577.623
5/23/2013 0:00,578.166
5/24/2013 0:00,577.762
5/25/2013 0:00,577.604
5/26/2013 0:00,577.661
5/27/2013 0:00,577.776
5/28/2013 0:00,577.772
5/29/2013 0:00,577.632
5/30/2013 0:00,577.582
5/31/2013 0:00,577.641
6/1/2013 0:00,577.7
6/2/2013 0:00,577.714
6/3/2013 0:00,577.586
6/4/2013 0:00,577.762
6/5/2013 0:00,577.928
6/6/2013 0:00,577.971
6/7/2013 0:00,577.882
6/8/2013 0:00,577.791
6/9/2013 0:00,577.892
6/10/2013 0:00,577.94
6/11/2013 0:00,577.747
6/12/2013 0:00,577.887
6/13/2013 0:00,578.018
6/14/2013 0:00,577.876
6/15/2013 0:00,577.73
6/16/2013 0:00,577.807
6/17/2013 0:00,577.901
6/18/2013 0:00,578.197
6/19/2013 0:00,577.927
6/20/2013 0:00,577.877
6/21/2013 0:00,577.856
6/22/2013 0:00,577.897
6/23/2013 0:00,577.833
6/24/2013 0:00,577.784
6/25/2013 0:00,577.835
6/26/2013 0:00,577.893
6/27/2013 0:00,577.911
6/28/2013 0:00,577.887
6/29/2013 0:00,578.161
6/30/2013 0:00,578.244
7/1/2013 0:00,578.278
7/2/2013 0:00,578.215
7/3/2013 0:00,578.071
7/4/2013 0:00,577.981
7/5/2013 0:00,577.918
7/6/2013 0:00,577.882
7/7/2013 0:00,577.82
7/8/2013 0:00,577.865
7/9/2013 0:00,577.957
7/10/2013 0:00,577.85
7/11/2013 0:00,577.914
7/12/2013 0:00,577.992
7/13/2013 0:00,578.008
7/14/2013 0:00,577.963
7/15/2013 0:00,577.975
7/16/2013 0:00,577.91
7/17/2013 0:00,577.791
7/18/2013 0:00,577.741
7/19/2013 0:00,577.619
7/20/2013 0:00,577.967
7/21/2013 0:00,578.056
7/22/2013 0:00,577.925
7/23/2013 0:00,578.108
7/24/2013 0:00,577.943
7/25/2013 0:00,577.821
7/26/2013 0:00,577.694
7/27/2013 0:00,577.947
7/28/2013 0:00,577.807
7/29/2013 0:00,577.903
7/30/2013 0:00,577.825
7/31/2013 0:00,577.864
8/1/2013 0:00,577.818
8/2/2013 0:00,577.869
8/3/2013 0:00,577.91
8/4/2013 0:00,577.867
8/5/2013 0:00,577.747
8/6/2013 0:00,577.758
8/7/2013 0:00,577.949
8/8/2013 0:00,577.943
8/9/2013 0:00,577.855
8/10/2013 0:00,577.841
8/11/2013 0:00,577.825
8/12/2013 0:00,577.872
8/13/2013 0:00,578.078
8/14/2013 0:00,577.859
8/15/2013 0:00,577.698
8/16/2013 0:00,577.836
8/17/2013 0:00,577.875
8/18/2013 0:00,577.839
8/19/2013 0:00,577.727
8/20/2013 0:00,577.648
8/21/2013 0:00,577.654
8/22/2013 0:00,577.695
8/23/2013 0:00,577.873
8/24/2013 0:00,577.757
8/25/2013 0:00,577.482
8/26/2013 0:00,577.492
8/27/2013 0:00,577.68
8/28/2013 0:00,577.875
8/29/2013 0:00,577.822
8/30/2013 0:00,577.794
8/31/2013 0:00,577.938
9/1/2013 0:00,577.898
9/2/2013 0:00,577.872
9/3/2013 0:00,577.721
9/4/2013 0:00,577.764
9/5/2013 0:00,577.96
9/6/2013 0:00,577.647
9/7/2013 0:00,577.68
9/8/2013 0:00,578.017
9/9/2013 0:00,577.731
9/10/2013 0:00,577.666
9/11/2013 0:00,577.76
9/12/2013 0:00,578.009
9/13/2013 0:00,578.15
9/14/2013 0:00,577.749
9/15/2013 0:00,577.701
9/16/2013 0:00,578.126
9/17/2013 0:00,577.819
9/18/2013 0:00,577.626
9/19/2013 0:00,577.61
9/20/2013 0:00,577.587
9/21/2013 0:00,577.833
9/22/2013 0:00,577.801
9/23/2013 0:00,577.798
9/24/2013 0:00,577.716
9/25/2013 0:00,577.775
9/26/2013 0:00,577.724
9/27/2013 0:00,577.674
9/28/2013 0:00,577.531
9/29/2013 0:00,577.712
9/30/2013 0:00,577.535
10/1/2013 0:00,577.299
10/2/2013 0:00,577.491
10/3/2013 0:00,577.597
10/4/2013 0:00,577.851
10/5/2013 0:00,577.909
10/6/2013 0:00,577.937
10/7/2013 0:00,577.647
10/8/2013 0:00,577.578
10/9/2013 0:00,577.659
10/10/2013 0:00,577.721
10/11/2013 0:00,577.75
10/12/2013 0:00,577.625
10/13/2013 0:00,577.65
10/14/2013 0:00,577.673
10/15/2013 0:00,577.537
10/16/2013 0:00,577.498
10/17/2013 0:00,577.482
10/18/2013 0:00,577.499
10/19/2013 0:00,577.433
10/20/2013 0:00,577.444
10/21/2013 0:00,577.445
10/22/2013 0:00,577.247
10/23/2013 0:00,577.463
10/24/2013 0:00,577.431
10/25/2013 0:00,577.082
10/26/2013 0:00,577.061
10/27/2013 0:00,577.222
10/28/2013 0:00,577.797
10/29/2013 0:00,577.628
10/30/2013 0:00,577.522
10/31/2013 0:00,577.529
11/1/2013 0:00,577.429
11/2/2013 0:00,577.727
11/3/2013 0:00,577.669
11/4/2013 0:00,577.342
11/5/2013 0:00,577.492
11/6/2013 0:00,577.522
11/7/2013 0:00,577.471
11/8/2013 0:00,577.363
11/9/2013 0:00,577.277
11/10/2013 0:00,577.313
11/11/2013 0:00,577.641
11/12/2013 0:00,577.62
11/13/2013 0:00,576.812
11/14/2013 0:00,576.678
11/15/2013 0:00,577.151
11/16/2013 0:00,577.254
11/17/2013 0:00,577.308
11/18/2013 0:00,577.349
11/19/2013 0:00,577.322
11/20/2013 0:00,577.407
11/21/2013 0:00,577.726
11/22/2013 0:00,577.862
11/23/2013 0:00,577.757
11/24/2013 0:00,577.289
11/25/2013 0:00,576.739
11/26/2013 0:00,577.407
11/27/2013 0:00,577.749
11/28/2013 0:00,577.621
11/29/2013 0:00,577.605
11/30/2013 0:00,577.324
12/1/2013 0:00,577.706
12/2/2013 0:00,577.669
12/3/2013 0:00,577.703
12/4/2013 0:00,577.915
12/5/2013 0:00,577.595
12/6/2013 0:00,577.366
12/7/2013 0:00,577.352
12/8/2013 0:00,577.489
12/9/2013 0:00,577.317
12/10/2013 0:00,576.948
12/11/2013 0:00,577.182
12/12/2013 0:00,576.92
12/13/2013 0:00,577.321
12/14/2013 0:00,577.824
12/15/2013 0:00,577.639
12/16/2013 0:00,577.436
12/17/2013 0:00,577.26
12/18/2013 0:00,577.038
12/19/2013 0:00,577.486
12/20/2013 0:00,577.78
12/21/2013 0:00,577.884
12/22/2013 0:00,578.041
12/23/2013 0:00,577.589
12/24/2013 0:00,577.469
12/25/2013 0:00,577.184
12/26/2013 0:00,577.394
12/27/2013 0:00,577.228
12/28/2013 0:00,577.206
12/29/2013 0:00,577.788
12/30/2013 0:00,577.469
12/31/2013 0:00,577.373
1/1/2014 0:00,577.644
1/2/2014 0:00,577.898
1/3/2014 0:00,576.851
1/4/2014 0:00,576.755
1/5/2014 0:00,578.04
1/6/2014 0:00,577.277
1/7/2014 0:00,576.935
1/8/2014 0:00,577.116
1/9/2014 0:00,577.264
1/10/2014 0:00,577.339
1/11/2014 0:00,577.421
1/12/2014 0:00,576.981
1/13/2014 0:00,577.272
1/14/2014 0:00,577.266
1/15/2014 0:00,577.514
1/16/2014 0:00,576.978
1/17/2014 0:00,577.472
1/18/2014 0:00,577.41
1/19/2014 0:00,577.07
1/20/2014 0:00,577.808
1/21/2014 0:00,577.905
1/22/2014 0:00,577.552
1/23/2014 0:00,577.817
1/24/2014 0:00,576.473
1/25/2014 0:00,577.44
1/26/2014 0:00,577.244
1/27/2014 0:00,577.489
1/28/2014 0:00,577.03
1/29/2014 0:00,576.818
1/30/2014 0:00,576.594
1/31/2014 0:00,577.386
2/1/2014 0:00,577.596
2/2/2014 0:00,577.563
2/3/2014 0:00,577.389
2/4/2014 0:00,577.546
2/5/2014 0:00,577.964
2/6/2014 0:00,577.334
2/7/2014 0:00,577.08
2/8/2014 0:00,577.247
2/9/2014 0:00,577.457
2/10/2014 0:00,577.467
2/11/2014 0:00,577.37
2/12/2014 0:00,577.331
2/13/2014 0:00,577.322
2/14/2014 0:00,577.641
2/15/2014 0:00,577.457
2/16/2014 0:00,577.668
2/17/2014 0:00,577.485
2/18/2014 0:00,577.409
2/19/2014 0:00,577.371
2/20/2014 0:00,577.441
2/21/2014 0:00,576.806
2/22/2014 0:00,577.15
2/23/2014 0:00,577.232
2/24/2014 0:00,577.334
2/25/2014 0:00,577.403
2/26/2014 0:00,577.025
2/27/2014 0:00,577.6
2/28/2014 0:00,577.192
3/1/2014 0:00,577.746
3/2/2014 0:00,577.675
3/3/2014 0:00,577.469
3/4/2014 0:00,577.467
3/5/2014 0:00,577.652
3/6/2014 0:00,577.602
3/7/2014 0:00,577.502
3/8/2014 0:00,577.666
3/9/2014 0:00,577.203
3/10/2014 0:00,577.329
3/11/2014 0:00,577.488
3/12/2014 0:00,578.214
3/13/2014 0:00,577.262
3/14/2014 0:00,577.171
3/15/2014 0:00,577.543
3/16/2014 0:00,577.857
3/17/2014 0:00,577.538
3/18/2014 0:00,577.595
3/19/2014 0:00,577.487
3/20/2014 0:00,577.366
3/21/2014 0:00,577.42
3/22/2014 0:00,577.685
3/23/2014 0:00,577.528
3/24/2014 0:00,577.393
3/25/2014 0:00,577.585
3/26/2014 0:00,577.317
3/27/2014 0:00,577.263
3/28/2014 0:00,577.653
3/29/2014 0:00,577.685
3/30/2014 0:00,577.598
3/31/2014 0:00,577.508
4/1/2014 0:00,577.385
4/2/2014 0:00,577.581
4/3/2014 0:00,577.835
4/4/2014 0:00,577.711
4/5/2014 0:00,577.499
4/6/2014 0:00,577.482
4/7/2014 0:00,577.753
4/8/2014 0:00,577.658
4/9/2014 0:00,577.486
4/10/2014 0:00,577.499
4/11/2014 0:00,577.619
4/12/2014 0:00,577.699
4/13/2014 0:00,577.919
4/14/2014 0:00,578.334
4/15/2014 0:00,577.909
4/16/2014 0:00,577.776
4/17/2014 0:00,578.035
4/18/2014 0:00,578.104
4/19/2014 0:00,577.973
4/20/2014 0:00,577.964
4/21/2014 0:00,577.927
4/22/2014 0:00,578.031
4/23/2014 0:00,578.023
4/24/2014 0:00,578.175
4/25/2014 0:00,578.241
4/26/2014 0:00,578.266
4/27/2014 0:00,578.395
4/28/2014 0:00,578.64
4/29/2014 0:00,578.507
4/30/2014 0:00,578.371
5/1/2014 0:00,578.117
5/2/2014 0:00,578.094
5/3/2014 0:00,578.202
5/4/2014 0:00,578.265
5/5/2014 0:00,578.502
5/6/2014 0:00,578.576
5/7/2014 0:00,578.683
5/8/2014 0:00,578.542
5/9/2014 0:00,578.347
5/10/2014 0:00,578.271
5/11/2014 0:00,578.469
5/12/2014 0:00,578.572
5/13/2014 0:00,578.508
5/14/2014 0:00,578.593
5/15/2014 0:00,578.825
5/16/2014 0:00,578.48
5/17/2014 0:00,578.454
5/18/2014 0:00,578.481
5/19/2014 0:00,578.535
5/20/2014 0:00,578.742
5/21/2014 0:00,578.717
5/22/2014 0:00,578.625
5/23/2014 0:00,578.604
5/24/2014 0:00,578.654
5/25/2014 0:00,578.657
5/26/2014 0:00,578.616
5/27/2014 0:00,578.708
5/28/2014 0:00,578.878
5/29/2014 0:00,578.922
5/30/2014 0:00,578.85
5/31/2014 0:00,578.846
6/1/2014 0:00,578.751
6/2/2014 0:00,578.604
6/3/2014 0:00,578.649
6/4/2014 0:00,578.836
6/5/2014 0:00,578.784
6/6/2014 0:00,578.779
6/7/2014 0:00,578.826
6/8/2014 0:00,579.083
6/9/2014 0:00,578.951
6/10/2014 0:00,579.007
6/11/2014 0:00,579.091
6/12/2014 0:00,578.845
6/13/2014 0:00,578.74
6/14/2014 0:00,578.845
6/15/2014 0:00,578.959
6/16/2014 0:00,578.908
6/17/2014 0:00,578.796
6/18/2014 0:00,579.096
6/19/2014 0:00,579.167
6/20/2014 0:00,579.106
6/21/2014 0:00,579.052
6/22/2014 0:00,579.03
6/23/2014 0:00,579.111
6/24/2014 0:00,579.042
6/25/2014 0:00,579.183
6/26/2014 0:00,579.117
6/27/2014 0:00,579.126
6/28/2014 0:00,579.102
6/29/2014 0:00,578.982
6/30/2014 0:00,578.915
7/1/2014 0:00,578.823
7/2/2014 0:00,578.957
7/3/2014 0:00,579.039
7/4/2014 0:00,579.063
7/5/2014 0:00,578.935
7/6/2014 0:00,578.806
7/7/2014 0:00,578.975
7/8/2014 0:00,579.037
7/9/2014 0:00,579.036
7/10/2014 0:00,579.09
7/11/2014 0:00,579.049
7/12/2014 0:00,578.983
7/13/2014 0:00,579.034
7/14/2014 0:00,579.126
7/15/2014 0:00,579.219
7/16/2014 0:00,579.122
7/17/2014 0:00,579.121
7/18/2014 0:00,579.159
7/19/2014 0:00,579.191
7/20/2014 0:00,579.152
7/21/2014 0:00,579.107
7/22/2014 0:00,578.974
7/23/2014 0:00,579.474
7/24/2014 0:00,579.242
7/25/2014 0:00,579.039
7/26/2014 0:00,578.995
7/27/2014 0:00,579.24
7/28/2014 0:00,579.479
7/29/2014 0:00,579.144
7/30/2014 0:00,579.143
7/31/2014 0:00,579.062
8/1/2014 0:00,579.177
8/2/2014 0:00,579.232
8/3/2014 0:00,579.143
8/4/2014 0:00,579.174
8/5/2014 0:00,579.265
8/6/2014 0:00,579.249
8/7/2014 0:00,579.216
8/8/2014 0:00,579.294
8/9/2014 0:00,579.326
8/10/2014 0:00,579.305
8/11/2014 0:00,579.354
8/12/2014 0:00,579.486
8/13/2014 0:00,579.225
8/14/2014 0:00,579.275
8/15/2014 0:00,579.125
8/16/2014 0:00,579.092
8/17/2014 0:00,579.434
8/18/2014 0:00,579.398
8/19/2014 0:00,579.32
8/20/2014 0:00,579.33
8/21/2014 0:00,579.35
8/22/2014 0:00,579.361
8/23/2014 0:00,579.404
8/24/2014 0:00,579.408
8/25/2014 0:00,579.299
8/26/2014 0:00,579.28
8/27/2014 0:00,579.262
8/28/2014 0:00,579.322
8/29/2014 0:00,579.173
8/30/2014 0:00,579.11
8/31/2014 0:00,579.124
9/1/2014 0:00,579.085
9/2/2014 0:00,579.164
9/3/2014 0:00,579.106
9/4/2014 0:00,578.948
9/5/2014 0:00,579.171
9/6/2014 0:00,579.184
9/7/2014 0:00,579.178
9/8/2014 0:00,579.214
9/9/2014 0:00,579.224
9/10/2014 0:00,579.326
9/11/2014 0:00,579.553
9/12/2014 0:00,579.606
9/13/2014 0:00,579.546
9/14/2014 0:00,579.183
9/15/2014 0:00,579.229
9/16/2014 0:00,579.241
9/17/2014 0:00,579.172
9/18/2014 0:00,579.444
9/19/2014 0:00,579.128
9/20/2014 0:00,578.913
9/21/2014 0:00,579.509
9/22/2014 0:00,579.267
9/23/2014 0:00,579.185
9/24/2014 0:00,579.362
9/25/2014 0:00,579.383
9/26/2014 0:00,579.373
9/27/2014 0:00,579.354
9/28/2014 0:00,579.332
9/29/2014 0:00,579.459
9/30/2014 0:00,579.655
10/1/2014 0:00,579.44
10/2/2014 0:00,579.434
10/3/2014 0:00,579.451
10/4/2014 0:00,579.174
10/5/2014 0:00,579.108
10/6/2014 0:00,579.174
10/7/2014 0:00,579.11
10/8/2014 0:00,579.144
10/9/2014 0:00,579.111
10/10/2014 0:00,579.319
10/11/2014 0:00,579.305
10/12/2014 0:00,579.217
10/13/2014 0:00,579.409
10/14/2014 0:00,579.757
10/15/2014 0:00,579.908
10/16/2014 0:00,579.559
10/17/2014 0:00,579.451
10/18/2014 0:00,579.741
10/19/2014 0:00,579.316
10/20/2014 0:00,579.516
10/21/2014 0:00,579.814
10/22/2014 0:00,579.616
10/23/2014 0:00,579.363
10/24/2014 0:00,579.425
10/25/2014 0:00,579.247
10/26/2014 0:00,579.254
10/27/2014 0:00,579.36
10/28/2014 0:00,579.329
10/29/2014 0:00,579.267
10/30/2014 0:00,579.359
10/31/2014 0:00,580.782
11/1/2014 0:00,579.982
11/2/2014 0:00,579.184
11/3/2014 0:00,578.99
11/4/2014 0:00,579.108
11/5/2014 0:00,579.15
11/6/2014 0:00,579.895
11/7/2014 0:00,579.387
11/8/2014 0:00,579.266
11/9/2014 0:00,579.069
11/10/2014 0:00,579.493
11/11/2014 0:00,579.887
11/12/2014 0:00,579.411
11/13/2014 0:00,579.191
11/14/2014 0:00,579.336
11/15/2014 0:00,579.206
11/16/2014 0:00,579.04
11/17/2014 0:00,579.064
11/18/2014 0:00,578.685
11/19/2014 0:00,578.774
11/20/2014 0:00,578.916
11/21/2014 0:00,578.791
11/22/2014 0:00,578.621
11/23/2014 0:00,579.115
11/24/2014 0:00,579.073
11/25/2014 0:00,579.217
11/26/2014 0:00,579.398
11/27/2014 0:00,579.589
11/28/2014 0:00,579.22
11/29/2014 0:00,579.217
11/30/2014 0:00,579.575
12/1/2014 0:00,579.5
12/2/2014 0:00,579.252
12/3/2014 0:00,579.142
12/4/2014 0:00,579.194
12/5/2014 0:00,579.404
12/6/2014 0:00,579.625
12/7/2014 0:00,579.292
12/8/2014 0:00,579.269
12/9/2014 0:00,579.697
12/10/2014 0:00,579.631
12/11/2014 0:00,579.207
12/12/2014 0:00,579.162
12/13/2014 0:00,579.08
12/14/2014 0:00,579.176
12/15/2014 0:00,579.38
12/16/2014 0:00,579.471
12/17/2014 0:00,579.313
12/18/2014 0:00,579.359
12/19/2014 0:00,579.436
12/20/2014 0:00,579.347
12/21/2014 0:00,579.181
12/22/2014 0:00,579.342
12/23/2014 0:00,579.531
12/24/2014 0:00,579.409
12/25/2014 0:00,578.926
12/26/2014 0:00,579.142
12/27/2014 0:00,579.298
12/28/2014 0:00,579.268
12/29/2014 0:00,579.422
12/30/2014 0:00,579.339
12/31/2014 0:00,578.61
1/1/2015 0:00,578.387
1/2/2015 0:00,578.968
1/3/2015 0:00,579.435
1/4/2015 0:00,579.601
1/5/2015 0:00,578.933
1/6/2015 0:00,578.939
1/7/2015 0:00,579.351
1/8/2015 0:00,578.398
1/9/2015 0:00,578.877
1/10/2015 0:00,578.507
1/11/2015 0:00,578.903
1/12/2015 0:00,579.672
1/13/2015 0:00,579.438
1/14/2015 0:00,579.134
1/15/2015 0:00,578.962
1/16/2015 0:00,579.132
1/17/2015 0:00,578.978
1/18/2015 0:00,579.222
1/19/2015 0:00,579.291
1/20/2015 0:00,579.52
1/21/2015 0:00,579.509
1/22/2015 0:00,579.227
1/23/2015 0:00,578.831
1/24/2015 0:00,579.069
1/25/2015 0:00,579.685
1/26/2015 0:00,579.394
1/27/2015 0:00,579.451
1/28/2015 0:00,579.118
1/29/2015 0:00,579.562
1/30/2015 0:00,579.345
1/31/2015 0:00,579.254
2/1/2015 0:00,580.09
2/2/2015 0:00,579.621
2/3/2015 0:00,579.206
2/4/2015 0:00,579.399
2/5/2015 0:00,579.009
2/6/2015 0:00,578.984
2/7/2015 0:00,579.247
2/8/2015 0:00,579.799
2/9/2015 0:00,579.763
2/10/2015 0:00,579.377
2/11/2015 0:00,579.323
2/12/2015 0:00,579.629
2/13/2015 0:00,579.01
2/14/2015 0:00,579.85
2/15/2015 0:00,579.481
2/16/2015 0:00,579.232
2/17/2015 0:00,579.265
2/18/2015 0:00,579.462
2/19/2015 0:00,579.436
2/20/2015 0:00,578.88
2/21/2015 0:00,579.244
2/22/2015 0:00,579.444
2/23/2015 0:00,579.084
2/24/2015 0:00,578.729
2/25/2015 0:00,579.316
2/26/2015 0:00,579.545
2/27/2015 0:00,579.208
2/28/2015 0:00,579.105
3/1/2015 0:00,579.134
3/2/2015 0:00,579.105
3/3/2015 0:00,579.06
3/4/2015 0:00,579.246
3/5/2015 0:00,579.234
3/6/2015 0:00,578.823
3/7/2015 0:00,579.099
3/8/2015 0:00,579.036
3/9/2015 0:00,579.095
3/10/2015 0:00,579.109
3/11/2015 0:00,579.103
3/12/2015 0:00,579.15
3/13/2015 0:00,579.244
3/14/2015 0:00,579.22
3/15/2015 0:00,578.985
3/16/2015 0:00,579.239
3/17/2015 0:00,579.361
3/18/2015 0:00,579.101
3/19/2015 0:00,579.233
3/20/2015 0:00,579.099
3/21/2015 0:00,579.228
3/22/2015 0:00,579.259
3/23/2015 0:00,579.37
3/24/2015 0:00,579.301
3/25/2015 0:00,579.182
3/26/2015 0:00,579.271
3/27/2015 0:00,579.521
3/28/2015 0:00,579.23
3/29/2015 0:00,578.658
3/30/2015 0:00,578.914
3/31/2015 0:00,579.23
4/1/2015 0:00,579.221
4/2/2015 0:00,579.096
4/3/2015 0:00,579.259
4/4/2015 0:00,579.021
4/5/2015 0:00,579.296
4/6/2015 0:00,579.503
4/7/2015 0:00,579.665
4/8/2015 0:00,579.655
4/9/2015 0:00,579.583
4/10/2015 0:00,579.322
4/11/2015 0:00,579.234
4/12/2015 0:00,579.285
4/13/2015 0:00,579.247
4/14/2015 0:00,579.375
4/15/2015 0:00,579.547
4/16/2015 0:00,579.505
4/17/2015 0:00,579.349
4/18/2015 0:00,579.578
4/19/2015 0:00,579.808
4/20/2015 0:00,579.57
4/21/2015 0:00,579.232
4/22/2015 0:00,579.38
4/23/2015 0:00,579.305
4/24/2015 0:00,579.475
4/25/2015 0:00,579.748
4/26/2015 0:00,579.651
4/27/2015 0:00,579.547
4/28/2015 0:00,579.539
4/29/2015 0:00,579.531
4/30/2015 0:00,579.549
5/1/2015 0:00,579.483
5/2/2015 0:00,579.413
5/3/2015 0:00,579.364
5/4/2015 0:00,579.433
5/5/2015 0:00,579.534
5/6/2015 0:00,579.627
5/7/2015 0:00,579.492
5/8/2015 0:00,579.443
5/9/2015 0:00,579.657
5/10/2015 0:00,579.785
5/11/2015 0:00,579.625
5/12/2015 0:00,579.409
5/13/2015 0:00,579.603
5/14/2015 0:00,579.716
5/15/2015 0:00,579.681
5/16/2015 0:00,579.607
5/17/2015 0:00,579.598
5/18/2015 0:00,579.523
5/19/2015 0:00,579.515
5/20/2015 0:00,579.495
5/21/2015 0:00,579.462
5/22/2015 0:00,579.542
5/23/2015 0:00,579.531
5/24/2015 0:00,579.598
5/25/2015 0:00,579.531
5/26/2015 0:00,579.487
5/27/2015 0:00,579.525
5/28/2015 0:00,579.607
5/29/2015 0:00,579.729
5/30/2015 0:00,580.049
5/31/2015 0:00,580.205
6/1/2015 0:00,579.966
6/2/2015 0:00,579.794
6/3/2015 0:00,579.82
6/4/2015 0:00,579.79
6/5/2015 0:00,579.854
6/6/2015 0:00,579.932
6/7/2015 0:00,579.764
6/8/2015 0:00,579.71
6/9/2015 0:00,579.718
6/10/2015 0:00,579.761
6/11/2015 0:00,579.944
6/12/2015 0:00,580.123
6/13/2015 0:00,580.039
6/14/2015 0:00,580.055
6/15/2015 0:00,579.987
6/16/2015 0:00,580.016
6/17/2015 0:00,580.048
6/18/2015 0:00,580.048
6/19/2015 0:00,580.139
6/20/2015 0:00,580.046
6/21/2015 0:00,580.042
6/22/2015 0:00,579.819
6/23/2015 0:00,580.017
6/24/2015 0:00,579.875
6/25/2015 0:00,580.153
6/26/2015 0:00,580.217
6/27/2015 0:00,580.163
6/28/2015 0:00,579.992
6/29/2015 0:00,580.013
6/30/2015 0:00,580.06
7/1/2015 0:00,580.091
7/2/2015 0:00,580.139
7/3/2015 0:00,580.015
7/4/2015 0:00,579.981
7/5/2015 0:00,579.999
7/6/2015 0:00,579.92
7/7/2015 0:00,580.256
7/8/2015 0:00,580.11
7/9/2015 0:00,580.118
7/10/2015 0:00,579.945
7/11/2015 0:00,579.954
7/12/2015 0:00,580.04
7/13/2015 0:00,579.834
7/14/2015 0:00,580.248
7/15/2015 0:00,580.217
7/16/2015 0:00,580.058
7/17/2015 0:00,580.065
7/18/2015 0:00,579.959
7/19/2015 0:00,579.908
7/20/2015 0:00,579.87
7/21/2015 0:00,579.976
7/22/2015 0:00,579.948
7/23/2015 0:00,579.985
7/24/2015 0:00,579.93
7/25/2015 0:00,579.94
7/26/2015 0:00,579.985
7/27/2015 0:00,580.033
7/28/2015 0:00,580.004
7/29/2015 0:00,579.91
7/30/2015 0:00,579.79
7/31/2015 0:00,579.848
8/1/2015 0:00,579.866
8/2/2015 0:00,579.76
8/3/2015 0:00,579.85
8/4/2015 0:00,579.96
8/5/2015 0:00,580.036
8/6/2015 0:00,580.113
8/7/2015 0:00,580.02
8/8/2015 0:00,580.084
8/9/2015 0:00,580.081
8/10/2015 0:00,580.109
8/11/2015 0:00,580.042
8/12/2015 0:00,579.88
8/13/2015 0:00,579.753
8/14/2015 0:00,579.853
8/15/2015 0:00,579.954
8/16/2015 0:00,579.821
8/17/2015 0:00,579.847
8/18/2015 0:00,579.95
8/19/2015 0:00,579.717
8/20/2015 0:00,579.684
8/21/2015 0:00,579.745
8/22/2015 0:00,579.848
8/23/2015 0:00,579.8
8/24/2015 0:00,579.617
8/25/2015 0:00,579.697
8/26/2015 0:00,579.754
8/27/2015 0:00,579.792
8/28/2015 0:00,579.789
8/29/2015 0:00,579.774
8/30/2015 0:00,579.847
8/31/2015 0:00,579.768
9/1/2015 0:00,579.762
9/2/2015 0:00,579.77
9/3/2015 0:00,579.905
9/4/2015 0:00,579.992
9/5/2015 0:00,579.877
9/6/2015 0:00,579.779
9/7/2015 0:00,579.802
9/8/2015 0:00,579.889
9/9/2015 0:00,579.925
9/10/2015 0:00,579.843
9/11/2015 0:00,580.129
9/12/2015 0:00,580.194
9/13/2015 0:00,579.868
9/14/2015 0:00,579.534
9/15/2015 0:00,579.682
9/16/2015 0:00,579.63
9/17/2015 0:00,579.56
9/18/2015 0:00,579.811
9/19/2015 0:00,580.063
9/20/2015 0:00,579.741
9/21/2015 0:00,579.815
9/22/2015 0:00,579.759
9/23/2015 0:00,579.887
9/24/2015 0:00,579.999
9/25/2015 0:00,580.052
9/26/2015 0:00,580.026
9/27/2015 0:00,579.864
9/28/2015 0:00,579.713
9/29/2015 0:00,580.274
9/30/2015 0:00,580.356
10/1/2015 0:00,580.448
10/2/2015 0:00,580.533
10/3/2015 0:00,580.568
10/4/2015 0:00,580.21
10/5/2015 0:00,579.903
10/6/2015 0:00,579.723
10/7/2015 0:00,579.749
10/8/2015 0:00,579.722
10/9/2015 0:00,579.964
10/10/2015 0:00,579.452
10/11/2015 0:00,579.162
10/12/2015 0:00,579.312
10/13/2015 0:00,579.562
10/14/2015 0:00,579.387
10/15/2015 0:00,579.363
10/16/2015 0:00,579.559
10/17/2015 0:00,579.565
10/18/2015 0:00,579.416
10/19/2015 0:00,578.81
10/20/2015 0:00,579.174
10/21/2015 0:00,579.466
10/22/2015 0:00,579.467
10/23/2015 0:00,579.417
10/24/2015 0:00,579.433
10/25/2015 0:00,579.311
10/26/2015 0:00,579.464
10/27/2015 0:00,579.574
10/28/2015 0:00,579.414
10/29/2015 0:00,579.16
10/30/2015 0:00,579.206
10/31/2015 0:00,579.045
11/1/2015 0:00,579.097
11/2/2015 0:00,579.214
11/3/2015 0:00,579.411
11/4/2015 0:00,579.354
11/5/2015 0:00,579.098
11/6/2015 0:00,579.219
11/7/2015 0:00,579.212
11/8/2015 0:00,579.053
11/9/2015 0:00,579.13
11/10/2015 0:00,579.331
11/11/2015 0:00,579.174
11/12/2015 0:00,578.955
11/13/2015 0:00,579.216
11/14/2015 0:00,579.021
11/15/2015 0:00,579.108
11/16/2015 0:00,579.314
11/17/2015 0:00,579.512
11/18/2015 0:00,579.223
11/19/2015 0:00,578.734
11/20/2015 0:00,578.734
11/21/2015 0:00,579.46
11/22/2015 0:00,579.091
11/23/2015 0:00,579.077
11/24/2015 0:00,579.228
11/25/2015 0:00,578.994
11/26/2015 0:00,579.092
11/27/2015 0:00,579.926
11/28/2015 0:00,579.611
11/29/2015 0:00,579.36
11/30/2015 0:00,579.481
12/1/2015 0:00,579.357
12/2/2015 0:00,579.446
12/3/2015 0:00,579.151
12/4/2015 0:00,578.953
12/5/2015 0:00,579.05
12/6/2015 0:00,579.19
12/7/2015 0:00,579.239
12/8/2015 0:00,579.081
12/9/2015 0:00,579.161
12/10/2015 0:00,578.815
12/11/2015 0:00,579.05
12/12/2015 0:00,579.336
12/13/2015 0:00,579.551
12/14/2015 0:00,579.358
12/15/2015 0:00,579.469
12/16/2015 0:00,579.349
12/17/2015 0:00,579.282
12/18/2015 0:00,579.083
12/19/2015 0:00,578.942
12/20/2015 0:00,578.81
12/21/2015 0:00,579.375
12/22/2015 0:00,579.497
12/23/2015 0:00,579.365
12/24/2015 0:00,579.033
12/25/2015 0:00,579.462
12/26/2015 0:00,579.757
12/27/2015 0:00,580.181
12/28/2015 0:00,580.273
12/29/2015 0:00,580.127
12/30/2015 0:00,579.722
12/31/2015 0:00,579.3
1/1/2016 0:00,579.094
1/2/2016 0:00,579.14
1/3/2016 0:00,579.475
1/4/2016 0:00,579.859
1/5/2016 0:00,579.084
1/6/2016 0:00,578.965
1/7/2016 0:00,579.367
1/8/2016 0:00,579.561
1/9/2016 0:00,579.702
1/10/2016 0:00,579.602
1/11/2016 0:00,579.137
1/12/2016 0:00,579.459
1/13/2016 0:00,579.133
1/14/2016 0:00,579.504
1/15/2016 0:00,579.87
1/16/2016 0:00,579.58
1/17/2016 0:00,579.375
1/18/2016 0:00,579.271
1/19/2016 0:00,579.326
1/20/2016 0:00,579.379
1/21/2016 0:00,579.48
1/22/2016 0:00,579.668
1/23/2016 0:00,579.488
1/24/2016 0:00,579.174
1/25/2016 0:00,579.354
1/26/2016 0:00,579.277
1/27/2016 0:00,578.971
1/28/2016 0:00,579.153
1/29/2016 0:00,579.269
1/30/2016 0:00,579.113
1/31/2016 0:00,579.34
2/1/2016 0:00,579.359
2/2/2016 0:00,579.646
2/3/2016 0:00,579.682
2/4/2016 0:00,579.423
2/5/2016 0:00,579.469
2/6/2016 0:00,579.19
2/7/2016 0:00,579.229
2/8/2016 0:00,579.587
2/9/2016 0:00,579.658
2/10/2016 0:00,579.689
2/11/2016 0:00,579.511
2/12/2016 0:00,579.488
2/13/2016 0:00,579.559
2/14/2016 0:00,579.285
2/15/2016 0:00,579.398
2/16/2016 0:00,579.437
2/17/2016 0:00,579.522
2/18/2016 0:00,579.3
2/19/2016 0:00,579.077
2/20/2016 0:00,579.291
2/21/2016 0:00,579.552
2/22/2016 0:00,579.605
2/23/2016 0:00,579.603
2/24/2016 0:00,580.369
2/25/2016 0:00,579.973
2/26/2016 0:00,579.382
2/27/2016 0:00,578.907
2/28/2016 0:00,579.356
2/29/2016 0:00,579.405
3/1/2016 0:00,579.741
3/2/2016 0:00,579.523
3/3/2016 0:00,579.607
3/4/2016 0:00,579.488
3/5/2016 0:00,579.471
3/6/2016 0:00,579.186
3/7/2016 0:00,579.312
3/8/2016 0:00,579.421
3/9/2016 0:00,579.411
3/10/2016 0:00,579.542
3/11/2016 0:00,579.48
3/12/2016 0:00,579.5
3/13/2016 0:00,579.716
3/14/2016 0:00,579.758
3/15/2016 0:00,579.633
3/16/2016 0:00,579.447
3/17/2016 0:00,579.465
3/18/2016 0:00,579.762
3/19/2016 0:00,579.941
3/20/2016 0:00,579.775
3/21/2016 0:00,579.566
3/22/2016 0:00,579.722
3/23/2016 0:00,580.206
3/24/2016 0:00,580.659
3/25/2016 0:00,580.111
3/26/2016 0:00,579.851
3/27/2016 0:00,579.965
3/28/2016 0:00,579.9
3/29/2016 0:00,579.788
3/30/2016 0:00,579.824
3/31/2016 0:00,579.972
4/1/2016 0:00,579.893
4/2/2016 0:00,580.074
4/3/2016 0:00,579.97
4/4/2016 0:00,580.539
4/5/2016 0:00,580.077
4/6/2016 0:00,580.144
4/7/2016 0:00,580.43
4/8/2016 0:00,580.387
4/9/2016 0:00,580.407
4/10/2016 0:00,579.914
4/11/2016 0:00,580.164
4/12/2016 0:00,580.043
4/13/2016 0:00,580.236
4/14/2016 0:00,580.3
4/15/2016 0:00,580.318
4/16/2016 0:00,580.353
4/17/2016 0:00,580.253
4/18/2016 0:00,580.282
4/19/2016 0:00,580.464
4/20/2016 0:00,580.389
4/21/2016 0:00,580.33
4/22/2016 0:00,580.538
4/23/2016 0:00,580.384
4/24/2016 0:00,580.378
4/25/2016 0:00,580.539
4/26/2016 0:00,580.903
4/27/2016 0:00,580.627
4/28/2016 0:00,580.63
4/29/2016 0:00,580.486
4/30/2016 0:00,580.578
5/1/2016 0:00,580.66
5/2/2016 0:00,580.454
5/3/2016 0:00,580.216
5/4/2016 0:00,580.709
5/5/2016 0:00,580.494
5/6/2016 0:00,580.201
5/7/2016 0:00,580.46
5/8/2016 0:00,580.255
5/9/2016 0:00,580.465
5/10/2016 0:00,580.609
5/11/2016 0:00,580.521
5/12/2016 0:00,580.32
5/13/2016 0:00,580.213
5/14/2016 0:00,580.302
5/15/2016 0:00,580.137
5/16/2016 0:00,580.22
5/17/2016 0:00,580.51
5/18/2016 0:00,580.459
5/19/2016 0:00,580.371
5/20/2016 0:00,580.436
5/21/2016 0:00,580.402
5/22/2016 0:00,580.342
5/23/2016 0:00,580.39
5/24/2016 0:00,580.273
5/25/2016 0:00,580.384
5/26/2016 0:00,580.298
5/27/2016 0:00,580.322
5/28/2016 0:00,580.348
5/29/2016 0:00,580.285
5/30/2016 0:00,580.254
5/31/2016 0:00,580.478
6/1/2016 0:00,580.465
6/2/2016 0:00,580.335
6/3/2016 0:00,580.347
6/4/2016 0:00,580.444
6/5/2016 0:00,580.431
6/6/2016 0:00,580.213
6/7/2016 0:00,580.418
6/8/2016 0:00,580.28
6/9/2016 0:00,580.367
6/10/2016 0:00,580.387
6/11/2016 0:00,580.433
6/12/2016 0:00,580.503
6/13/2016 0:00,580.574
6/14/2016 0:00,580.531
6/15/2016 0:00,580.513
6/16/2016 0:00,580.684
6/17/2016 0:00,580.502
6/18/2016 0:00,580.438
6/19/2016 0:00,580.342
6/20/2016 0:00,580.242
6/21/2016 0:00,580.311
6/22/2016 0:00,580.435
6/23/2016 0:00,580.579
6/24/2016 0:00,580.468
6/25/2016 0:00,580.399
6/26/2016 0:00,580.283
6/27/2016 0:00,580.343
6/28/2016 0:00,580.589
6/29/2016 0:00,580.371
6/30/2016 0:00,580.284
7/1/2016 0:00,580.525
7/2/2016 0:00,580.328
7/3/2016 0:00,580.351
7/4/2016 0:00,580.377
7/5/2016 0:00,580.285
7/6/2016 0:00,580.282
7/7/2016 0:00,580.371
7/8/2016 0:00,580.39
7/9/2016 0:00,580.446
7/10/2016 0:00,580.43
7/11/2016 0:00,580.358
7/12/2016 0:00,580.23
7/13/2016 0:00,580.112
7/14/2016 0:00,580.105
7/15/2016 0:00,580.328
7/16/2016 0:00,580.318
7/17/2016 0:00,580.075
7/18/2016 0:00,580.249
7/19/2016 0:00,580.308
7/20/2016 0:00,580.289
7/21/2016 0:00,580.039
7/22/2016 0:00,580.082
7/23/2016 0:00,580.289
7/24/2016 0:00,580.23
7/25/2016 0:00,580.19
7/26/2016 0:00,580.223
7/27/2016 0:00,580.259
7/28/2016 0:00,580.394
7/29/2016 0:00,580.505
7/30/2016 0:00,580.495
7/31/2016 0:00,580.43
8/1/2016 0:00,580.413
8/2/2016 0:00,580.397
8/3/2016 0:00,580.364
8/4/2016 0:00,580.276
8/5/2016 0:00,580.243
8/6/2016 0:00,580.23
8/7/2016 0:00,580.295
8/8/2016 0:00,580.318
8/9/2016 0:00,580.18
8/10/2016 0:00,580.164
8/11/2016 0:00,580.105
8/12/2016 0:00,580.184
8/13/2016 0:00,580.338
8/14/2016 0:00,580.223
8/15/2016 0:00,580.335
8/16/2016 0:00,580.308
8/17/2016 0:00,580.249
8/18/2016 0:00,580.213
8/19/2016 0:00,580.299
8/20/2016 0:00,580.177
8/21/2016 0:00,580.174
8/22/2016 0:00,580.135
8/23/2016 0:00,579.918
8/24/2016 0:00,579.954
8/25/2016 0:00,580.121
8/26/2016 0:00,580.167
8/27/2016 0:00,580.246
8/28/2016 0:00,580.269
8/29/2016 0:00,580.226
8/30/2016 0:00,580.223
8/31/2016 0:00,580.489
9/1/2016 0:00,580.577
9/2/2016 0:00,580.479
9/3/2016 0:00,580.266
9/4/2016 0:00,580.22
9/5/2016 0:00,580.131
9/6/2016 0:00,580.108
9/7/2016 0:00,580.171
9/8/2016 0:00,580.187
9/9/2016 0:00,580.18
9/10/2016 0:00,580.331
9/11/2016 0:00,580.036
9/12/2016 0:00,579.888
9/13/2016 0:00,580.013
9/14/2016 0:00,580.177
9/15/2016 0:00,580.148
9/16/2016 0:00,579.915
9/17/2016 0:00,579.997
9/18/2016 0:00,579.974
9/19/2016 0:00,579.895
9/20/2016 0:00,579.928
9/21/2016 0:00,579.964
9/22/2016 0:00,580.098
9/23/2016 0:00,580.371
9/24/2016 0:00,580.194
9/25/2016 0:00,579.997
9/26/2016 0:00,579.908
9/27/2016 0:00,579.626
9/28/2016 0:00,580.351
9/29/2016 0:00,580.646
9/30/2016 0:00,580.531
